id,kind,sha,created,license,params,base_model,tier,relation,parent,decision_contract_evidence,note
iapp/OpenThai-SystemOne,model,f3709948b5e3cc9606a57e74ba62b7a639d17dd3,2026-09-20T14:15:03.000Z,apache-2.0,752674883,Qwen/Qwen3.5-0.8B-Base,T1,,,"emOne: an open Thai + English System One decision model, 0.8B, Apache-",named T1 (own recipe/decision head; see card)
pngwn/system-one-qwen3.5-4b-scorer,model,e6464dce15f013c2ef641593a85cc6afcdaea928,2026-09-16T13:58:46.000Z,cc-by-nc-4.0,,Qwen/Qwen3.5-4B-Base,T1,,,: - sequence-classification - calibration - decision-making - lora -,named T1 (own recipe/decision head; see card)
pngwn/system-one-qwen3.5-4b-scorer-v2b,model,3ec7785bf6aa1e8b0ade992c85206d46711d86c2,2026-09-17T08:06:59.000Z,cc-by-nc-4.0,,Qwen/Qwen3.5-4B-Base,T2,other,system-one-qwen3.5-4b-scorer,: - sequence-classification - calibration - decision-making - lora -,name/base_model references system-one-qwen3.5-4b-scorer
pngwn/system-one-qwen3.5-4b-scorer-smoke,model,584a7635898547d8d51945a95929afcaf90fc0ba,2026-09-16T14:20:02.000Z,cc-by-nc-4.0,,Qwen/Qwen3.5-4B-Base,T2,other,system-one-qwen3.5-4b-scorer,: - sequence-classification - calibration - decision-making - lora -,name/base_model references system-one-qwen3.5-4b-scorer
DavidHatley/system-one-mini,model,b004fb15f7dc208c0a46d468a4e07cf188671073,2026-09-16T17:02:50.000Z,apache-2.0,69328144,distilbert/distilbert-base-uncased,T1,,,research - custom-code ---  # System One Mini  System One Mini is an i,"own decision head/recipe evidence in card (LoRA/head/calibration trained), no lineage to a known T1 base_model"
pngwn/system-one-qwen3.5-4b-scorer-v2-2ep,model,99020e0ec80bc7743dfa9388f5d79c90f87953fe,2026-09-17T02:24:01.000Z,,,,X,,,none found,empty or missing card
Mannedood/local-system-one-student,model,9eab66b998a76871308e5072d3c378230f39ec9e,2026-09-18T19:11:45.000Z,mit,149022731,answerdotai/ModernBERT-base,T1,,,text-classification tags:   - calibration   - distillation   - agent,"own decision head/recipe evidence in card (LoRA/head/calibration trained), no lineage to a known T1 base_model"
dwidlee/systemone-lite-0.5b,model,7b95a7179f74a56b52555773f10e9a0bfc6a2fb5,2026-09-19T08:28:18.000Z,apache-2.0,494032768,Qwen/Qwen2.5-0.5B-Instruct,T1,,,ix/systemone-lite): a local **System One–compatible** decision model o,"own decision head/recipe evidence in card (LoRA/head/calibration trained), no lineage to a known T1 base_model"
lafalce/system-one-model,model,b7b34611754fd106800fd893682bede9dedb06cd,2026-09-19T16:41:06.000Z,apache-2.0,,answerdotai/ModernBERT-base,T1,,,se license: apache-2.0 ---  # System One (phase2 student)  Local open-,"own decision head/recipe evidence in card (LoRA/head/calibration trained), no lineage to a known T1 base_model"
shreyanbr/system-one-zeroshot,model,4b6659d5199395c72f0aaa56f1335e84ba63467d,2026-09-19T20:29:52.000Z,apache-2.0,70830722,MoritzLaurer/deberta-v3-xsmall-zeroshot-v1.1-all-33,T1,,,:   - text-classification   - calibration   - routing ---  # System,"own decision head/recipe evidence in card (LoRA/head/calibration trained), no lineage to a known T1 base_model"
shreyanbr/system-one-distilled,model,56c9dba8932dbb40c5cb866e413ad5a94b63c30d,2026-09-19T20:31:33.000Z,apache-2.0,70830722,MoritzLaurer/deberta-v3-xsmall-zeroshot-v1.1-all-33,T1,,,:   - text-classification   - calibration   - routing ---  # System,"own decision head/recipe evidence in card (LoRA/head/calibration trained), no lineage to a known T1 base_model"
shreyanbr/system-one-gold,model,93e22fcfd7fd248860e9a93f5df7898d163805cb,2026-09-19T20:33:34.000Z,apache-2.0,70830722,MoritzLaurer/deberta-v3-xsmall-zeroshot-v1.1-all-33,T1,,,:   - text-classification   - calibration   - routing ---  # System,"own decision head/recipe evidence in card (LoRA/head/calibration trained), no lineage to a known T1 base_model"
onnx-community/system-one-qwen3.5-4b-scorer-ONNX,model,e54cb2a5f6600c15e9f93d2b041aab14482c7c54,2026-09-20T06:24:36.000Z,cc-by-nc-4.0,,Qwen/Qwen3.5-4B-Base,T2,format_conversion,Qwen/Qwen3.5-4B-Base,--  ## Original model card  # System One scorer — Qwen/Qwen3.5-4B-Base,format_conversion of base_model Qwen/Qwen3.5-4B-Base (chained by name pattern + base_model field)
gopalanj/jevons-lfm25-1.2b-systemone,model,db4e1158c4ac894446692ecafb4b4644d9ddf403,2026-09-20T15:45:15.000Z,other,,LiquidAI/LFM2.5-1.2B-Instruct,T2,format_conversion,LiquidAI/LFM2.5-1.2B-Instruct,com/gopalanj/jevons): a local System One server that scores allowed ou,format_conversion of base_model LiquidAI/LFM2.5-1.2B-Instruct (chained by name pattern + base_model field)
kaivoss/system-one-270m,model,a9572e32bbd8b79c03add60d708e505667ff4c9a,2026-09-21T22:53:13.000Z,gemma,268098176,unsloth/gemma-3-270m-it,T1,,,one    - typed-decisions    - calibration    - synthetic-data  ---,"own decision head/recipe evidence in card (LoRA/head/calibration trained), no lineage to a known T1 base_model"
einsteiner1983/nemotron-3.5-lightning-systemone-lora-r16,model,146862e24fb92c0d54b1b5c98cdd828a36aae165,2026-09-22T02:30:38.000Z,,,,X,,,-  # Nemotron 3.5 Lightning — System One rank-16 LoRA  Experimental cl,"card states no weights / no own training (an inference recipe over another model, not a trained decision head)"
olafura/gemma4-12b-system-one,model,a12364830d7e2eefe7cee449b74d5f914f4594a8,2026-09-22T08:59:05.000Z,apache-2.0,,google/gemma-4-12B-it-qat-w4a16-ct,T1,,,"pt - it - nl - ko - zh ---  # System One for Gemma 4 12B: answer now,","own decision head/recipe evidence in card (LoRA/head/calibration trained), no lineage to a known T1 base_model"
shreyanbr/nev-lite-systemone,model,11f68b4a3e1b6d0bf3ae73a74a1096cf3240cf7f,2026-09-22T13:47:53.000Z,apache-2.0,,sentence-transformers/all-MiniLM-L6-v2,T1,,,"* is the static, no-attention decision head of the [nev / System One](htt","own decision head/recipe evidence in card (LoRA/head/calibration trained), no lineage to a known T1 base_model"
mpuig/system-one-qwen3-0.6b,model,1d1491933a78f0b09f76bad493ef150e666100d1,2026-09-22T15:46:27.000Z,mit,,Qwen/Qwen3-0.6B,T2,format_conversion,Qwen/Qwen3-0.6B,"3-0.6B tags: [decision-model, calibration, system-one, mlx, lora] --",format_conversion of base_model Qwen/Qwen3-0.6B (chained by name pattern + base_model field)
mpuig/system-one-minicpm5-2b-q8,model,44736c7084bf79a9f9a18c3a4a88840e7846c223,2026-09-22T15:46:42.000Z,mit,2516756480,openbmb/MiniCPM5-2B-Base,T2,format_conversion,openbmb/MiniCPM5-2B-Base,"B-Base tags: [decision-model, calibration, system-one, mlx, quantize",format_conversion of base_model openbmb/MiniCPM5-2B-Base (chained by name pattern + base_model field)
mlboydaisuke/OpenThai-SystemOne-CoreAI,model,825e5d7b77f4f297bc21ea9a8a9e092a52e09e1e,2026-09-22T20:41:25.000Z,apache-2.0,,iapp/OpenThai-SystemOne,T2,format_conversion,iapp/OpenThai-SystemOne,0.8B-Base  A **Thai + English System One decision model**: it reads a,format_conversion of base_model iapp/OpenThai-SystemOne (chained by name pattern + base_model field)
FluidInference/system-one-gemma-coreml,model,2da07dc3e8544b24e9a951d2554503a64203dd03,2026-09-22T21:24:33.000Z,,,,X,,,-toolkit - gated-model ---  # System One Gemma Core ML conversion tool,"card states no weights / no own training (an inference recipe over another model, not a trained decision head)"
mlboydaisuke/system-one-qwen3.5-4b-scorer-CoreAI,model,a81514192af5849d14fb25a423af91babeba54ae,2026-09-23T01:36:36.000Z,cc-by-nc-4.0,,pngwn/system-one-qwen3.5-4b-scorer,T2,format_conversion,pngwn/system-one-qwen3.5-4b-scorer,odel - system-one - qwen3.5 - calibration - sequence-classification,format_conversion of base_model pngwn/system-one-qwen3.5-4b-scorer (chained by name pattern + base_model field)
altslate/certo-decision-model,model,7628c0da918c5fce96a6629c548630ac6bed8c58,2026-09-20T15:28:45.000Z,mit,,,T1,,,ion tags: - decision-making - calibration - certo - modernbert ---,"own decision head/recipe evidence in card (LoRA/head/calibration trained), no lineage to a known T1 base_model"
jaswanthsanjay88/rev-decision-model,model,b7d8eb7f7feede28c720d88fe022df71fd0a02e9,2026-09-22T08:17:44.000Z,apache-2.0,421293827,,T1,,,ressive - rlcd - modernbert - calibrated-probabilities - reinforceme,"own decision head/recipe evidence in card (LoRA/head/calibration trained), no lineage to a known T1 base_model"
mghafiri/qwen3.5-0.8B-decision-model,model,4a9939034a27006b4b62ad5aed65a90b82d0d350,2026-09-22T12:57:13.000Z,apache-2.0,752393024,Qwen/Qwen3.5-0.8B-Base,T1,,,tion tags: - decision-model - calibration - system-one - classificat,"own decision head/recipe evidence in card (LoRA/head/calibration trained), no lineage to a known T1 base_model"
saivamshiatukuri/decision-model-checkpoints,model,ce6774b4cf8306e0b9b7e1d688e6838ac09bf940,2026-09-19T14:21:39.000Z,,,,X,,,none found,empty or missing card
Pdbz199/local-decision-model,model,4b3077cb2d6ced3eadeb5ea0d4846e9d311bfc6b,2026-09-21T16:42:57.000Z,cc-by-nc-4.0,,answerdotai/ModernBERT-base,T1,,,"decision-model  A small, fast decision model: **unstructured state in, typ","own decision head/recipe evidence in card (LoRA/head/calibration trained), no lineage to a known T1 base_model"
convaiinnovations/laya-typed-decisions,model,1a793eb568e6718f15941d08f85432581df534e3,2026-09-18T17:45:14.000Z,apache-2.0,421293830,,T2,other,convaiinnovations/laya,"[en] tags: [laya, system-one, calibrated-decisions, rlcd, typed-deci",name/base_model references laya
aac6fef/laya-typed-decisions-mlx,model,f9e501c2080cc57c13d6887820329758f5351125,2026-09-19T14:11:33.000Z,apache-2.0,421293830,convaiinnovations/laya-typed-decisions,T2,format_conversion,convaiinnovations/laya-typed-decisions,"ordinal `score`, and boolean `noul` questions. All model computa",format_conversion of base_model convaiinnovations/laya-typed-decisions (chained by name pattern + base_model field)
alfred361/laya-multilingual-typed-decisions,model,60ce5be491a7723df937b757e43b254a08898f8e,2026-09-21T12:47:57.000Z,apache-2.0,321908998,convaiinnovations/laya-multilingual,T2,finetune_domain,convaiinnovations/laya-multilingual,"system-one, typed-decisions, calibrated-decisions, multilingual]  -",name/base_model references laya
mys/laya-typed-decisions-GGUF,model,1e9e8ba1f5271316601e0fefd940786660bd6964,2026-09-20T16:16:06.000Z,apache-2.0,,convaiinnovations/laya-typed-decisions,T2,format_conversion,convaiinnovations/laya-typed-decisions,GGUF (ggmlc)    **Specialist System 1 decision model** compiled fro,format_conversion of base_model convaiinnovations/laya-typed-decisions (chained by name pattern + base_model field)
pngwn/nanodiff-350m-typed-decisions,model,29b63241fb3c80fb2055487a17645a1a3d748c20,2026-09-16T13:58:26.000Z,mit,,,X,,,asked-diffusion   - llada   - calibration   - typed-decisions ---  #,decision-contract language present but no own-training evidence found by rule; needs manual read
alfred361/laya-typed-decisions-web-q8,model,96f637c0bee046dce5c61a3174de9f7cdcf09ace,2026-09-21T08:14:31.000Z,,,,X,,,none found,empty or missing card
akshatbindal/laya-typed-decisions,model,fea3307fbd5be9937648f9acd22ea612c61fbd83,2026-09-22T06:39:38.000Z,apache-2.0,421293830,,T2,other,convaiinnovations/laya,s tags: - laya - system-one - calibrated-decisions - rlcd - structur,name/base_model references laya
pngwn/nanodiff-350m-typed-decisions-smoke,model,0c592a131a0fea9c7c14a4c0ad3b1a211586703f,2026-09-16T14:19:29.000Z,,,,X,,,none found,empty or missing card
pngwn/nanodiff-350m-typed-decisions-lam0,model,789d41bd17816f4fa945f2a7ab5bae7987ab4ad6,2026-09-16T14:33:26.000Z,mit,,Sebasdi/nanodiff-350m-base,X,,,asked-diffusion   - llada   - calibration   - typed-decisions base_m,decision-contract language present but no own-training evidence found by rule; needs manual read
pngwn/nanodiff-350m-typed-decisions-lam1,model,f36697e639d7cb3c5b97c8c2a8e902b79265420f,2026-09-16T15:07:32.000Z,mit,,Sebasdi/nanodiff-350m-base,T1,,,asked-diffusion   - llada   - calibration   - typed-decisions base_m,"own decision head/recipe evidence in card (LoRA/head/calibration trained), no lineage to a known T1 base_model"
pngwn/typed-decisions-causal-0.6b-scorer,model,64aa77cf66c7f07ae6b61d750dfb8192d9724ff7,2026-09-16T21:41:14.000Z,,,,X,,,none found,no decision-contract evidence found in card
pngwn/nanodiff-350m-typed-decisions-v2-lam1,model,d29b8d9b3cbcb704f7224cbec7ccf7485399a8f6,2026-09-16T21:41:14.000Z,,,,X,,,none found,empty or missing card
pngwn/nanodiff-350m-typed-decisions-v2,model,b93c12750d3e47806282074bbb4ec4967fa7c50f,2026-09-16T23:33:07.000Z,,,,X,,,none found,empty or missing card
aac6fef/laya-typed-decisions-coreml,model,28d24fa8d67a3264556b23391ec6c3fd98573056,2026-09-20T03:23:57.000Z,apache-2.0,,convaiinnovations/laya-typed-decisions,T2,format_conversion,convaiinnovations/laya-typed-decisions,"yped-decisions-coreml  **Laya typed decisions on Apple Silicon, using CPU",format_conversion of base_model convaiinnovations/laya-typed-decisions (chained by name pattern + base_model field)
fr0stbit3/laya-typed-decisions-gguf,model,54ec2dbb58aad9e3c74782cb2feb5801f72b13d0,2026-09-20T18:26:17.000Z,apache-2.0,,convaiinnovations/laya-typed-decisions,T2,format_conversion,convaiinnovations/laya-typed-decisions,"llama.cpp, laya, system-one, calibrated-decisions, rlcd, typed-deci",format_conversion of base_model convaiinnovations/laya-typed-decisions (chained by name pattern + base_model field)
binoykunhi/laya-typed-decisions-endpoint,model,fbefb2d175df7314582b29c4e3168c5a1c5f0b7e,2026-09-21T12:31:10.000Z,apache-2.0,421293830,,T2,other,convaiinnovations/laya,"[en] tags: [laya, system-one, calibrated-decisions, rlcd, typed-deci",name/base_model references laya
Cruzex/laya-typed-decisions-smoketest,model,a3d15d7b009e29332e3452866b9c2774bf99b0b6,2026-09-21T17:45:52.000Z,apache-2.0,421293830,,T2,other,convaiinnovations/laya,s tags: - laya - system-one - calibrated-decisions - rlcd - structur,name/base_model references laya
abidlabs/jev-typed-decisions-causal-0.6b,model,440a8931d8db317855a6ff3ad519bd3b19a3a22f,2026-09-21T18:22:20.000Z,apache-2.0,,Qwen/Qwen3-0.6B-Base,T1,,,)  ## Observed results  Final calibration-split eval (n=640 decision,"own decision head/recipe evidence in card (LoRA/head/calibration trained), no lineage to a known T1 base_model"
abidlabs/jev-typed-decisions-causal-0.6b-smoke,model,8f3ce099e101951db61e14c633277c688cb4d252,2026-09-21T18:24:22.000Z,,,,X,,,none found,no decision-contract evidence found in card
agk4444/laya-typed-decisions,model,dfebdeee687342a8cd5a2c04a58cb493c38f8328,2026-09-21T23:27:48.000Z,apache-2.0,421293830,,T2,other,convaiinnovations/laya,s tags: - laya - system-one - calibrated-decisions - rlcd - structur,name/base_model references laya
liskasYR/laya-typed-decisions,model,12522a05c214ce848b80d1cf1516c9f8c6fb6ff1,2026-09-22T02:16:01.000Z,apache-2.0,421293830,,T2,other,convaiinnovations/laya,"[en] tags: [laya, system-one, calibrated-decisions, rlcd, typed-deci",name/base_model references laya
IJyad/jeb-typed-decisions,model,c7f8f7d3809411bad6fb5425a4bce1ed9b838467,2026-09-22T09:22:57.000Z,apache-2.0,177609985,IJyad/jeb,T1,,,ed-decisions  - system-one  - calibrated-decisions  - classification,"own decision head/recipe evidence in card (LoRA/head/calibration trained), no lineage to a known T1 base_model"
m1rhan/laya-typed-decisions-ONNX,model,7388ca40228f08fd72fb3d2fdbd29153e9bc63d4,2026-09-22T11:00:11.000Z,apache-2.0,,convaiinnovations/laya,T2,format_conversion,convaiinnovations/laya,"M params) with a small custom decision head, tuned specifically for typed",format_conversion of base_model convaiinnovations/laya (chained by name pattern + base_model field)
Ankit1106/laya-typed-decisions,model,66172d2dfdd5d5c31f0aa5cc999ed2cf2f4b78a2,2026-09-22T11:35:40.000Z,apache-2.0,421293830,,T2,other,convaiinnovations/laya,core --- # Laya fine-tuned on Typed Decisions  This derivative checkpoint,name/base_model references laya
yehor-oleksiuk/laya-typed-decisions-onnx,model,d46a1217068e09c211ec3f098fb2932f750d903e,2026-09-22T18:56:04.000Z,apache-2.0,,convaiinnovations/laya-typed-decisions,T2,format_conversion,convaiinnovations/laya-typed-decisions,"system-one, typed-decisions, calibration] ---  # Laya Typed Decisio",format_conversion of base_model convaiinnovations/laya-typed-decisions (chained by name pattern + base_model field)
SGK86/laya-multilingual-typed-decisions,model,8fc29deeba77c74004756dfd64217287b1e52e47,2026-09-22T22:01:33.000Z,apache-2.0,321908998,,T2,finetune_domain,convaiinnovations/laya,"m-one, rlcd, typed-decisions, calibrated-decisions] --- # Laya-multi",name/base_model references laya
ti3x-m/laya-typed-decisions-onnx,model,d562cfa57474bf409fee22218611c577ee0cdc0c,2026-09-23T00:50:46.000Z,apache-2.0,,convaiinnovations/laya-typed-decisions,T2,format_conversion,convaiinnovations/laya-typed-decisions,"argmax agreement 100.0%, max calibrated probability error 0.016499,",format_conversion of base_model convaiinnovations/laya-typed-decisions (chained by name pattern + base_model field)
rayss868123/laya-typed-decisions,model,9b48a64847f55ed79cb94d23668792b00557e20f,2026-09-23T01:38:39.000Z,apache-2.0,421293830,,T2,other,convaiinnovations/laya,"[en] tags: [laya, system-one, calibrated-decisions, rlcd, typed-deci",name/base_model references laya
huanggengwei/laya-typed-decisions,model,14cc9a5e4e3c3c3d6ccbb0cbdb7848d40dfdc977,2026-09-23T09:19:25.000Z,apache-2.0,421293830,,T2,other,convaiinnovations/laya,s tags: - laya - system-one - calibrated-decisions - rlcd - structur,name/base_model references laya
sahilchachra/Laya-TypedDecisions-MXFP4,model,5e844c952237de52802dc0fe0e0dc7cd9c05898e,2026-09-23T12:13:26.000Z,,394781696,convaiinnovations/laya,T2,format_conversion,convaiinnovations/laya,) plus a small **from-scratch decision head** (a 2-layer `torch.nn.Transf,format_conversion of base_model convaiinnovations/laya (chained by name pattern + base_model field)
sahilchachra/Laya-TypedDecisions-MXFP8,model,b4985863fdbcd8bd040b20b1af31ebfa861badfa,2026-09-23T12:14:09.000Z,,394781696,convaiinnovations/laya,T2,format_conversion,convaiinnovations/laya,) plus a small **from-scratch decision head** (a 2-layer `torch.nn.Transf,format_conversion of base_model convaiinnovations/laya (chained by name pattern + base_model field)
strivedi183/laya-typed-decisions-onnx-fp16,model,1a62306a69ce878f04559dc19f5fc629d7571a03,2026-09-23T12:43:01.000Z,apache-2.0,,,X,,,none found,empty or missing card
canbingol/laya-typed-decisions-turkish-mmlu-10k,model,9c4b31347c8de263fb4d821a1197ed962ac98e10,2026-09-24T07:12:01.000Z,apache-2.0,421293830,,T2,finetune_language,convaiinnovations/laya,s tags: - laya - system-one - calibrated-decisions - rlcd - structur,name/base_model references laya
AIMultiple/laya-typed-decisions-browser-ft,model,e15214b809a135d2fe71504f66af1b96d7238a89,2026-09-24T09:25:40.000Z,apache-2.0,421293830,convaiinnovations/laya,T2,other,convaiinnovations/laya,wser-agent decisions for the [decision models benchmark](https://aimultipl,name/base_model references laya
canbingol/magibuembed-typed-decisions-turkish-mmlu-10k,model,6877b6a9a67ccb789ea0ff49b3262c05164d60e5,2026-09-24T13:32:06.000Z,,217168901,,X,,,none found,empty or missing card
akhilaaa3/Jev-Omni,model,c050d51354147985d13286cf4acf90f562f2c631,2026-09-20T21:43:20.000Z,apache-2.0,,google/gemma-4-12B-it,T1,,,t rights remain separate.  ## Calibration  Medium ECE: **0.0400** (1,"own decision head/recipe evidence in card (LoRA/head/calibration trained), no lineage to a known T1 base_model"
com-kotobalabs/open-jev-deberta-v3-large,model,19bf9a64815add579fbf6c907bef584d9277a8e4,2026-09-18T10:01:35.000Z,apache-2.0,434012160,microsoft/deberta-v3-large,T1,,,ers tags: - typed-decisions - calibrated - decision-model - open-jev,named T1 (own recipe/decision head; see card)
Meanblock/JEV-CPU,model,759fa60603a0e312cda38824e63e58f18445c14a,2026-09-19T11:00:19.000Z,mit,,Qwen/Qwen3-0.6B,X,,,"r endorsed by SemIf's author, TypeSafe, or Jev. Jev, TypeSafe, and o",decision-contract language present but no own-training evidence found by rule; needs manual read
ZefanCai/Open-Jev-9B,model,47e966881e489511c0c7f5633a9e1960a676a551,2026-09-20T20:13:31.000Z,apache-2.0,,Qwen/Qwen3.5-9B,T1,,,ained LoRA adapter and scalar decision head for Qwen/Qwen3.5-9B.** This r,named T1 (own recipe/decision head; see card)
aimeigaoshou/agent-jev,model,e711cf4be8d1009458d2254f60df21738db8c6c0,2026-09-21T17:03:51.000Z,apache-2.0,598418689,,T1,,,"Use it  The serving path is a typed decision, not a chat completion. Send","own decision head/recipe evidence in card (LoRA/head/calibration trained), no lineage to a known T1 base_model"
argos1111/modernbert-ja-310m-jev,model,07cda23579443e7a33c0f474114279fa032340d6,2026-09-19T16:35:01.000Z,cc-by-sa-4.0,315203329,sbintuitions/modernbert-ja-310m,T1,,,x すると Choice（選択肢）・Score（段階評価）・Noul（真偽）の確率になります。  **TypeSafe の Je,"own decision head/recipe evidence in card (LoRA/head/calibration trained), no lineage to a known T1 base_model"
samatv256/mini-Jev,model,02acc03cc28ec0b99705a8459ea987274fa7987f,2026-09-21T00:18:46.000Z,apache-2.0,262657,Qwen/Qwen3-0.6B,T1,,,"ini-Jev  **A Qwen3-0.6B-based decision model for tool selection, routing,","own decision head/recipe evidence in card (LoRA/head/calibration trained), no lineage to a known T1 base_model"
ZefanCai/Open-Jev-2B,model,0c7aa498b1627be8da4acf34c863ff0ee0a92785,2026-09-20T20:13:22.000Z,apache-2.0,,Qwen/Qwen3.5-2B,T1,,,ained LoRA adapter and scalar decision head for Qwen/Qwen3.5-2B.** This r,named T1 (own recipe/decision head; see card)
chaoliangUNSW/Jev-Style-Qwen3.5-2B-Decision-GGUF,model,4812fc2c3c6a6c0f2556c64b78db92c54dcc08c7,2026-09-21T08:39:50.000Z,apache-2.0,,Qwen/Qwen3.5-2B-Base,T2,format_conversion,Qwen/Qwen3.5-2B-Base,system-one - decision-model - calibration - classification - qwen3.5,format_conversion of base_model Qwen/Qwen3.5-2B-Base (chained by name pattern + base_model field)
alibiserikbay/JevK5,model,27d2d6b8d4714807f6293b0623bd7370b27e42f8,2026-09-22T13:53:01.000Z,apache-2.0,4205751296,Qwen/Qwen3.5-4B,T1,,,ns - self-hosted - jevbench - calibration - distillation ---  # JevK,"own decision head/recipe evidence in card (LoRA/head/calibration trained), no lineage to a known T1 base_model"
mobarmg/jev-schema-scorer-deberta-v3-large,model,ee092c35cc4ba0bd81be06a351b8788a47668d8c,2026-09-17T19:32:33.000Z,mit,435062785,microsoft/deberta-v3-large,T1,,,"ption id + probabilities | | `noul` | optional `criteria: {""true","own decision head/recipe evidence in card (LoRA/head/calibration trained), no lineage to a known T1 base_model"
ZefanCai/Open-Jev-27B-v1.1,model,28cf73067d5b337860bbef3c85b8b82ba8730956,2026-09-22T23:59:18.000Z,apache-2.0,,Qwen/Qwen3.8-27B,T1,,,ained LoRA adapter and scalar decision head for the text backbone of Qwen,named T1 (own recipe/decision head; see card)
TokenRhythm/NeoHorse-Jev-4B,model,ce1736d784b1ddbef5be9098e9ca4070c10d3df7,2026-09-23T15:42:08.000Z,apache-2.0,,TokenRhythm/NeoHorse-1-4B,T1,,,"e-Jev-4B**, a **4B structured decision model** from TokenRhythm, built on","own decision head/recipe evidence in card (LoRA/head/calibration trained), no lineage to a known T1 base_model"
lewislululu/jevon,model,97f78c9afc6fc949f5714d5ede85c6c66bf911ff,2026-09-19T19:56:46.000Z,agpl-3.0,,,T1,,,---  # Jevon  A 20M-parameter decision model that answers **typed question,"own decision head/recipe evidence in card (LoRA/head/calibration trained), no lineage to a known T1 base_model"
vagmi/jev-lite,model,90b23bc26c53f5a897684456893b2b7edeb90297,2026-09-19T23:46:53.000Z,gemma,,google/gemma-4-E4B-it,T1,,,tags:   - lora   - qlora   - calibration   - decision-model   - sys,named T1 (own recipe/decision head; see card)
chaoliangUNSW/Jev-Style-Qwen3.5-2B-Decision-v2-GGUF,model,e9a1bbe81f216cb606893412690c26f42cd67c6f,2026-09-23T16:17:49.000Z,apache-2.0,,chaoliangUNSW/Jev-Style-Qwen3.5-2B-Decision-v2,T2,format_conversion,chaoliangUNSW/Jev-Style-Qwen3.5-2B-Decision-v2,sion-model - classification - calibration - qwen3.5 - jev-style - si,format_conversion of base_model chaoliangUNSW/Jev-Style-Qwen3.5-2B-Decision-v2 (chained by name pattern + base_model field)
lostargon/Tiny-Jev,model,606fe02c81944714f7934fdeb95b8b8982a8b98c,2026-09-21T20:53:47.000Z,apache-2.0,595778561,Qwen/Qwen3-0.6B,T1,,,en-jev   - decision-model   - calibrated   - routing   - classificat,"own decision head/recipe evidence in card (LoRA/head/calibration trained), no lineage to a known T1 base_model"
Reza2kn/Jev-Omni-Q4_K_M-GGUF,model,0991aeb7a12d2dfee7ebfb07f463aab37405a86a,2026-09-23T21:58:00.000Z,apache-2.0,,akhilaaa3/Jev-Omni,T2,format_conversion,akhilaaa3/Jev-Omni,"38 MiB, and the required FP32 decision head adds 3.78 MiB.  | Stallion se",format_conversion of base_model akhilaaa3/Jev-Omni (chained by name pattern + base_model field)
chaoliangUNSW/Jev-Style-Qwen3.5-2B-Decision-MLX-bf16,model,49864b7c44800b8abbaf88c70883604fc351456d,2026-09-21T08:38:27.000Z,apache-2.0,1881825088,Qwen/Qwen3.5-2B-Base,T2,format_conversion,Qwen/Qwen3.5-2B-Base,system-one - decision-model - calibration - classification - qwen3.5,format_conversion of base_model Qwen/Qwen3.5-2B-Base (chained by name pattern + base_model field)
NicolaiMTLassen/bonzi-1.7b-v1-jev,model,48148bf9adb90f3fff2915c3c28704504dafe69b,2026-09-20T09:15:07.000Z,mit,,prism-ml/Bonsai-1.7B-gguf,T2,format_conversion,prism-ml/Bonsai-1.7B-gguf,age-inference           name: Typed decision (3-way NLI)         dataset:,format_conversion of base_model prism-ml/Bonsai-1.7B-gguf (chained by name pattern + base_model field)
NicolaiMTLassen/bonzi-27b-v2-jev,model,c4d21b740f3b940031baf88d775fb91905b11821,2026-09-20T09:15:09.000Z,mit,,prism-ml/Ternary-Bonsai-2-27B-gguf,T2,format_conversion,prism-ml/Ternary-Bonsai-2-27B-gguf,age-inference           name: Typed decision (3-way NLI)         dataset:,format_conversion of base_model prism-ml/Ternary-Bonsai-2-27B-gguf (chained by name pattern + base_model field)
kushalpatil/jevify-gemma4-26b-a4b,model,d4c0d1d455892957d274f68ec64e9fc0881011c8,2026-09-20T10:23:12.000Z,gemma,25805933872,google/gemma-4-26B-A4B-it,X,,,"ags: [jevify, classification, calibration, probabilistic, gemma4, lo",decision-contract language present but no own-training evidence found by rule; needs manual read
mradermacher/jevify-gemma4-e4b-GGUF,model,3989b4b1ab88f8ebb4414cafb504bd4f686bcb2b,2026-09-20T17:04:35.000Z,gemma,,kushalpatil/jevify-gemma4-e4b,T2,format_conversion,kushalpatil/jevify-gemma4-e4b,: - jevify - classification - calibration - probabilistic - gemma4 -,format_conversion of base_model kushalpatil/jevify-gemma4-e4b (chained by name pattern + base_model field)
azharmo/build-jev-from-scratch,model,7a361015bfb098c3845ae1befe756564624cfe96,2026-09-20T17:27:14.000Z,mit,,,T1,,,- decision-model   - jev   - noul   - calibration   - transform,"own decision head/recipe evidence in card (LoRA/head/calibration trained), no lineage to a known T1 base_model"
mogita/jev-decider-qwen3-4b,model,d0bd762de3f25a348f0ed008803151a38c5d8da8,2026-09-21T19:26:53.000Z,apache-2.0,,Qwen/Qwen3-4B,T1,,,"ransaction-categorization   - calibration ---  # jev-decider, Qwen3-","own decision head/recipe evidence in card (LoRA/head/calibration trained), no lineage to a known T1 base_model"
ait-hf/certus-jev-like-v0007,model,1cad9a351d82516c13763ea26da560acd7f631a9,2026-09-22T15:57:26.000Z,apache-2.0,,Qwen/Qwen2.5-1.5B-Instruct,T1,,,- system-one    - lora    - calibrated    - classification    - ro,"own decision head/recipe evidence in card (LoRA/head/calibration trained), no lineage to a known T1 base_model"
tasksource/modernbert-tasksource-jev,model,65ec155c99dd98f6f3d08bb7d557ed6fe344eeac,2026-09-22T16:27:43.000Z,apache-2.0,152711041,,T1,,,modernbert - classification - noul - scoring - tasksource - jev,"own decision head/recipe evidence in card (LoRA/head/calibration trained), no lineage to a known T1 base_model"
tianxinwei/JevAny-27B-SFT,model,ad7b48b7056a9742f54aacc9b98b6b46dc2ce167,2026-09-22T18:30:23.000Z,apache-2.0,,Qwen/Qwen3.8-27B,T1,,,- decision-model   - lora   - calibration   - agents ---  # JevAny-2,"own decision head/recipe evidence in card (LoRA/head/calibration trained), no lineage to a known T1 base_model"
tianxinwei/JevAny-27B-RLCR,model,078883b2edbab687585bc86fe5508059756c7f09,2026-09-22T18:30:24.000Z,apache-2.0,,Qwen/Qwen3.8-27B,T1,,,- decision-model   - lora   - calibration   - reinforcement-learning,"own decision head/recipe evidence in card (LoRA/head/calibration trained), no lineage to a known T1 base_model"
guanxuyu/visual-jev-4b-answer-sft,model,7a3f1bb0d8f7bfbbd8514d968ab7de3518849c8d,2026-09-23T07:29:28.000Z,apache-2.0,,Qwen/Qwen3-VL-4B-Instruct,T1,,,one we trained. We also built typed decision heads on top of the same inte,"own decision head/recipe evidence in card (LoRA/head/calibration trained), no lineage to a known T1 base_model"
DawoodKMasood/jev-gemma-3-270m,model,2cfe8264d8510d752c8f261ff04b7c9dfea9f8a1,2026-09-23T11:20:21.000Z,,,google/gemma-3-270m-it,T1,,,ield and were not temperature-calibrated. If the correct value is ab,"own decision head/recipe evidence in card (LoRA/head/calibration trained), no lineage to a known T1 base_model"
killkli/open-jev-laya-multilingual-onnx,model,643219b2b3a112ff1c40fb1143f050aa871f76f7,2026-09-23T11:27:30.000Z,apache-2.0,,,T2,format_conversion,convaiinnovations/laya,"n covering choice, score, and noul questions, fp16 agreed with f",name/base_model references laya
autotrust/JEV,model,b0140c726e148809e60cae202b12c4e40629236f,2026-09-23T12:08:52.000Z,apache-2.0,7936684544,Qwen/Qwen3.5-9B,T1,,,isions   - decision-model   - calibrated-probabilities   - knowledge,"own decision head/recipe evidence in card (LoRA/head/calibration trained), no lineage to a known T1 base_model"
Ruiruiz30/Jev-Omni-MLX-4bit,model,3ec255958b8b650e8d01be10af7e11741867ce3f,2026-09-23T16:58:03.000Z,apache-2.0,11959730224,akhilaaa3/Jev-Omni,T2,format_conversion,akhilaaa3/Jev-Omni,"point and its trained 256-way decision head, then converts the language-m",format_conversion of base_model akhilaaa3/Jev-Omni (chained by name pattern + base_model field)
DKNTZMN/gan8-vs-jev,model,858902d852eabf1ab57a896ae2b9ef87d7d8210a,2026-09-23T17:09:38.000Z,apache-2.0,,,T1,,,ped-decision   - judgment   - noul   - multi-generator library_n,"own decision head/recipe evidence in card (LoRA/head/calibration trained), no lineage to a known T1 base_model"
alibiserikbay/JevK5-GGUF,model,c57b064f8f4e5b4d7741db4c34ea0b4a2661349d,2026-09-23T20:02:44.000Z,apache-2.0,,alibiserikbay/JevK5,T2,format_conversion,alibiserikbay/JevK5,typed-decisions - jevbench - calibration ---  # JevK5 GGUF: typed d,format_conversion of base_model alibiserikbay/JevK5 (chained by name pattern + base_model field)
alibiserikbay/JevK5-2B,model,7922d1f55df137b72ef763fced56fd09efc5e99d,2026-09-23T20:13:02.000Z,apache-2.0,1881825088,Qwen/Qwen3.5-2B,T1,,,ns - self-hosted - jevbench - calibration ---  # JevK5-2B v0.2: the,"own decision head/recipe evidence in card (LoRA/head/calibration trained), no lineage to a known T1 base_model"
Fr0zencr4nE/jev-spatial,model,5727eade6e1af2750ff852b1b1e90bb1f41a0602,2026-09-24T02:41:26.000Z,apache-2.0,,allenai/Molmo2-ER,T1,,,</div>  **Jev-Spatial** is a *System One* spatial-intelligence model b,"own decision head/recipe evidence in card (LoRA/head/calibration trained), no lineage to a known T1 base_model"
divyanshx11/JEVision,model,324698caa13e08c8b92f72a32eff2280b1360303,2026-09-24T07:21:21.000Z,apache-2.0,,Qwen/Qwen3.5-0.8B-Base,T1,,,text   - qwen3.5   - lora   - typesafe ---  # JEVision  ### Give the,"own decision head/recipe evidence in card (LoRA/head/calibration trained), no lineage to a known T1 base_model"
Quazim0t0/Byrne-Jev-79M,model,d492e75cec8597901c063986bbd4c983f2a5634c,2026-09-24T13:13:58.000Z,apache-2.0,,,T1,,,decision** model. Same job as TypeSafe's Jev and convaiinnovations',"own decision head/recipe evidence in card (LoRA/head/calibration trained), no lineage to a known T1 base_model"
SargeDev/jev-distill-corpus,model,e41446dbaf63ec40f5d4c69b91b7f2f45129cd1c,2026-09-18T02:11:37.000Z,apache-2.0,,,T1,,,"e, outputs P(relevant) as the calibrated `yes` probability read from","own decision head/recipe evidence in card (LoRA/head/calibration trained), no lineage to a known T1 base_model"
kokuren/jp-sns-jev7-estimator,model,ac3b5a7352ca7d74480c31ce994adad177a2072e,2026-09-18T14:48:25.000Z,apache-2.0,,line-corporation/line-distilbert-base-japanese,T2,format_conversion,line-corporation/line-distilbert-base-japanese,"distilled teacher scores, not calibrated probabilities**.  They shou",format_conversion of base_model line-corporation/line-distilbert-base-japanese (chained by name pattern + base_model field)
AndeyTait/JevForge-0.8B,model,a7e0e71a8265ed8c4e492e4574b51afa85a85f6a,2026-09-19T11:22:45.000Z,apache-2.0,,Qwen/Qwen3.5-0.8B,T1,,,"ackbone, adds a shared scalar decision head, and returns a probability di","own decision head/recipe evidence in card (LoRA/head/calibration trained), no lineage to a known T1 base_model"
jaswanthsanjay88/jev-0.5b,model,1044b44b581655695f0f3ae7d54a3296d807ecda,2026-09-19T20:15:01.000Z,,,Qwen/Qwen2.5-0.5B,X,,,ags: - decision-model - jev - typesafe - lora - prefill-only ---  #,decision-contract language present but no own-training evidence found by rule; needs manual read
rdxtremity/jev-reranking,model,cae796ea57a9d872bc11d35684163e684ffed87b,2026-09-20T07:43:40.000Z,apache-2.0,,,X,,,none found,no decision-contract evidence found in card
onnx-community/open-jev-deberta-v3-large-ONNX,model,7c79f25b5ac496089f448a969c801872ad59d31c,2026-09-20T08:01:50.000Z,apache-2.0,,microsoft/deberta-v3-large,T2,format_conversion,microsoft/deberta-v3-large,ns go into a single sequence; one forward pass returns a logit per (question,format_conversion of base_model microsoft/deberta-v3-large (chained by name pattern + base_model field)
NicolaiMTLassen/bonzi-4b-v1-jev,model,d55450842269c84ce74d296e9141e69aac2720ca,2026-09-20T09:15:07.000Z,mit,,prism-ml/Bonsai-4B-gguf,T2,format_conversion,prism-ml/Bonsai-4B-gguf,age-inference           name: Typed decision (3-way NLI)         dataset:,format_conversion of base_model prism-ml/Bonsai-4B-gguf (chained by name pattern + base_model field)
NicolaiMTLassen/bonzi-8b-v1-jev,model,588bc44eefc3e8c0111717761fd190a3eb8a8bea,2026-09-20T09:15:08.000Z,mit,,prism-ml/Bonsai-8B-gguf,T2,format_conversion,prism-ml/Bonsai-8B-gguf,age-inference           name: Typed decision (3-way NLI)         dataset:,format_conversion of base_model prism-ml/Bonsai-8B-gguf (chained by name pattern + base_model field)
NicolaiMTLassen/bonzi-27b-v1-jev,model,2fb8061abd789679bda5679f82c5e29584763829,2026-09-20T09:15:08.000Z,mit,,prism-ml/Bonsai-27B-gguf,T2,format_conversion,prism-ml/Bonsai-27B-gguf,age-inference           name: Typed decision (3-way NLI)         dataset:,format_conversion of base_model prism-ml/Bonsai-27B-gguf (chained by name pattern + base_model field)
NicolaiMTLassen/bonzi-8b-ternary-v1-jev,model,47b6618752bdc110d78b464589ed44015802349f,2026-09-20T09:15:09.000Z,mit,,prism-ml/Ternary-Bonsai-8B-gguf,T2,format_conversion,prism-ml/Ternary-Bonsai-8B-gguf,age-inference           name: Typed decision (3-way NLI)         dataset:,format_conversion of base_model prism-ml/Ternary-Bonsai-8B-gguf (chained by name pattern + base_model field)
Nebulaw1/jev-qwen3.5-4b-legal-lora,model,db56976c1cc309fa59623817cc9ff330ffc59a38,2026-09-20T09:55:24.000Z,apache-2.0,,Qwen/Qwen3.5-4B-Base,T1,,,"l scores candidate letters in one forward pass, using the original output he","own decision head/recipe evidence in card (LoRA/head/calibration trained), no lineage to a known T1 base_model"
Nebulaw1/jev-qwen3.5-0.8b-legal-lora,model,069b42d0c26c29937debdfe4729923e20711d975,2026-09-20T09:56:09.000Z,apache-2.0,,Qwen/Qwen3.5-0.8B-Base,T1,,,"l scores candidate letters in one forward pass, using the original output he","own decision head/recipe evidence in card (LoRA/head/calibration trained), no lineage to a known T1 base_model"
kushalpatil/jevify-gemma4-e4b,model,a6b5a716f5d7dba2949c14f2c9e93227956e935d,2026-09-20T10:20:25.000Z,gemma,7941100874,google/gemma-4-E4B-it,X,,,"ags: [jevify, classification, calibration, probabilistic, gemma4, lo",decision-contract language present but no own-training evidence found by rule; needs manual read
kushalpatil/jevify-gemma4-e4b-lora,model,cca1f55e19f59dd493928459c4551131d10fdff9,2026-09-20T10:20:56.000Z,,,google/gemma-4-E4B-it,X,,,none found,no decision-contract evidence found in card
kushalpatil/jevify-gemma4-26b-a4b-lora,model,ec4a3d221b0989853e8a7ab0f55ef38945ff3a92,2026-09-20T10:26:24.000Z,,,google/gemma-4-26B-A4B-it,X,,,none found,no decision-contract evidence found in card
mradermacher/jevify-gemma4-26b-a4b-GGUF,model,8917f8f469b91a789fe1dc5ae6835f6da5f3dd0f,2026-09-20T15:14:53.000Z,gemma,,kushalpatil/jevify-gemma4-26b-a4b,T2,format_conversion,kushalpatil/jevify-gemma4-26b-a4b,: - jevify - classification - calibration - probabilistic - gemma4 -,format_conversion of base_model kushalpatil/jevify-gemma4-26b-a4b (chained by name pattern + base_model field)
rAVEUK/open-jev-deberta-v3-large,model,7beac18983e6df5a12e1038c6ce44762cc937dcc,2026-09-20T21:04:09.000Z,apache-2.0,434012160,microsoft/deberta-v3-large,T2,other,zefancai/open-jev,ers tags: - typed-decisions - calibrated - decision-model - open-jev,name/base_model references open-jev-deberta
Praveenrajus/jevify-qwen3.5-4b,model,9a012c8396d20cbf009b7c6ae16e0cfcf2e4e55b,2026-09-21T02:28:03.000Z,apache-2.0,,Qwen/Qwen3.5-4B,T1,,,", system-one, decision-model, calibration, jev] base_model: Qwen/Qwe","own decision head/recipe evidence in card (LoRA/head/calibration trained), no lineage to a known T1 base_model"
Praveenrajus/jevify-qwen3.5-2b,model,0b2fdc92d7cf984eed648580e6bbf1312ba94fda,2026-09-21T02:28:33.000Z,apache-2.0,,Qwen/Qwen3.5-2B,T1,,,", system-one, decision-model, calibration, jev] base_model: Qwen/Qwe","own decision head/recipe evidence in card (LoRA/head/calibration trained), no lineage to a known T1 base_model"
Raymond1122/metask-jev-4b-policy-mix,model,94c654d1defd0ece5d1aa626736810349c29a9d5,2026-09-21T03:19:15.000Z,apache-2.0,4539265536,Qwen/Qwen3.5-4B,T2,merge,Qwen/Qwen3.5-4B,en tags: - typed-decisions - calibrated-classification - system-one,merge of base_model Qwen/Qwen3.5-4B (chained by name pattern + base_model field)
SargeDev/jev-gate-student-b,model,39efb742e6df0c812cab556b82b19dc90e762081,2026-09-21T03:30:50.000Z,apache-2.0,,,T1,,,"e, outputs P(relevant) as the calibrated `yes` probability read from","own decision head/recipe evidence in card (LoRA/head/calibration trained), no lineage to a known T1 base_model"
wayfind/metask-jev-4b-policy-mix,model,ea20fe85b28733b1522721dec119bec50947a869,2026-09-21T03:50:18.000Z,apache-2.0,4539265536,Qwen/Qwen3.5-4B,T2,merge,Qwen/Qwen3.5-4B,de tags: - typed-decisions - calibrated-classification - system-one,merge of base_model Qwen/Qwen3.5-4B (chained by name pattern + base_model field)
SeanLiu/Jev-Vision,model,dc2d645b9d019e66b8f63def5c8a8be842448f4c,2026-09-21T11:25:00.000Z,apache-2.0,,Qwen/Qwen3-VL-8B-Instruct,T1,,,"9, 8B): an open-weight vision decision model  A LoRA adapter (r=64 on the","own decision head/recipe evidence in card (LoRA/head/calibration trained), no lineage to a known T1 base_model"
argos1111/sarashina2.2-vision-3b-mmproj-jev-f16,model,09ce275e3473c2127c5d1211a1a644fd93e5b03b,2026-09-21T12:50:00.000Z,mit,,sbintuitions/sarashina2.2-vision-3b,T2,format_conversion,sbintuitions/sarashina2.2-vision-3b,none found,format_conversion of base_model sbintuitions/sarashina2.2-vision-3b (chained by name pattern + base_model field)
xiq/xiq-vl-jev,model,71ab9e9ecc846752c1a6c4d2d33857fb68ee5e47,2026-09-21T13:21:27.000Z,,,,X,,,none found,empty or missing card
SargeDev/jev-gate-student-b-merged,model,57f4a1fc16f04497ee072d2963e49f8b53533dfa,2026-09-21T16:39:06.000Z,apache-2.0,494032768,Qwen/Qwen2.5-0.5B-Instruct,T2,merge,Qwen/Qwen2.5-0.5B-Instruct,em-one    - distillation    - calibrated-classification    - memory-,merge of base_model Qwen/Qwen2.5-0.5B-Instruct (chained by name pattern + base_model field)
marcmagn1/jev-08b-typed-r1,model,5d5db74f33bcdbd4c6f6f904ddf470e3b8dbcc95,2026-09-21T20:23:15.000Z,,,,X,,,none found,empty or missing card
mchen04/jev-local-lab-decision-heads,model,2d4dd9c2a384c3694d6ac903fc228ef8cd083e74,2026-09-21T21:31:35.000Z,other,,mlx-community/Qwen2.5-1.5B-Instruct-4bit,T2,format_conversion,mlx-community/Qwen2.5-1.5B-Instruct-4bit,-project ---  # jev-local-lab decision heads (phase 3)  Hi — this is **fo,format_conversion of base_model mlx-community/Qwen2.5-1.5B-Instruct-4bit (chained by name pattern + base_model field)
mchen04/jevlite-decision-heads,model,bf688960aad10873819f8c2689d451ded854dd8c,2026-09-21T21:31:36.000Z,other,,mlx-community/Qwen2.5-1.5B-Instruct-4bit,T2,format_conversion,mlx-community/Qwen2.5-1.5B-Instruct-4bit,- side-project ---  # jevlite decision heads (phases 1–2)  Hi — **for-fun,format_conversion of base_model mlx-community/Qwen2.5-1.5B-Instruct-4bit (chained by name pattern + base_model field)
Praveenrajus/jevify-qwen3-vl-2b,model,68c34d81dd5ff609404fc136acedf9d3272a2665,2026-09-21T21:41:53.000Z,apache-2.0,,Qwen/Qwen3-VL-2B-Instruct,T1,,,"t  tags: [jevify, system-one, calibrated-decisions, vision-language]","own decision head/recipe evidence in card (LoRA/head/calibration trained), no lineage to a known T1 base_model"
MissingPackage/jev-d-0.4b-onnx,model,ce76d6c9fe5c87a829de947ebd644511179aebaf,2026-09-21T23:20:54.000Z,apache-2.0,,convaiinnovations/laya-typed-decisions,T2,format_conversion,convaiinnovations/laya-typed-decisions,none found,format_conversion of base_model convaiinnovations/laya-typed-decisions (chained by name pattern + base_model field)
Praveenrajus/jevify-qwen3.5-4b-t2,model,61a5cf08530f1599227efb1a685ee84d7cf4ec51,2026-09-22T00:19:09.000Z,apache-2.0,,Qwen/Qwen3.5-4B,T1,,,", system-one, decision-model, calibration, jev]  base_model: Qwen/Qw","own decision head/recipe evidence in card (LoRA/head/calibration trained), no lineage to a known T1 base_model"
ohtaman/jev-gemma-4-E2B-it-choice-64,model,3d403b990eaada5e70afd86cf4d226d84c820ed6,2026-09-22T01:40:20.000Z,apache-2.0,,google/gemma-4-E2B-it,T2,format_conversion,google/gemma-4-E2B-it,"is a relative score, **not a calibrated probability**.  ## Files an",format_conversion of base_model google/gemma-4-E2B-it (chained by name pattern + base_model field)
Praveenrajus/jevify-qwen3-vl-2b-t2,model,46e8e72c27b50fe08f671bdf6b0e013acee5aae6,2026-09-22T03:18:50.000Z,apache-2.0,,Qwen/Qwen3-VL-2B-Instruct,T1,,,"t  tags: [jevify, system-one, calibrated-decisions, vision-language]","own decision head/recipe evidence in card (LoRA/head/calibration trained), no lineage to a known T1 base_model"
WIlfLin/JEV-Qwen3.5-0.8B-Base,model,b60de89c290ff4112510f1e7d138318d812ee567,2026-09-22T03:46:54.000Z,apache-2.0,873438784,Qwen/Qwen3.5-0.8B,X,,,"en3.5. This is **not official TypeSafe Jev**. ""Base"" means our basel","card states no weights / no own training (an inference recipe over another model, not a trained decision head)"
WIlfLin/JEV-Qwen3.5-9B-Base-NVFP4,model,1b545cf7d0ce626e6b0fc574d8d82459b66f8335,2026-09-22T03:47:18.000Z,apache-2.0,9409813744,ig1/Qwen3.5-9B-NVFP4,T2,quantization,ig1/Qwen3.5-9B-NVFP4,"en3.5. This is **not official TypeSafe Jev**. ""Base"" means our basel",quantization of base_model ig1/Qwen3.5-9B-NVFP4 (chained by name pattern + base_model field)
top7777/jev-schema-scorer-deberta-v3-large,model,337ab3fb17c7dae744c672532e4a539c51c1785d,2026-09-22T03:49:56.000Z,mit,435062785,microsoft/deberta-v3-large,T1,,,"ption id + probabilities | | `noul` | optional `criteria: {""true","own decision head/recipe evidence in card (LoRA/head/calibration trained), no lineage to a known T1 base_model"
WIlfLin/JEV-Qwen3.8-27B-NVFP4-Runtime,model,99d7e45f7468a37158fa605e075c604774459319,2026-09-22T06:25:03.000Z,apache-2.0,,RadixArk/Qwen3.8-27B-NVFP4,T2,quantization,RadixArk/Qwen3.8-27B-NVFP4,upstream. Not affiliated with TypeSafe Jev.  The three upstream safe,quantization of base_model RadixArk/Qwen3.8-27B-NVFP4 (chained by name pattern + base_model field)
Omarmahmoud83/jevlite,model,f14a4c49341836044bbe76f37e2c11b52d3cea42,2026-09-22T07:20:21.000Z,,,,X,,,none found,empty or missing card
WIlfLin/JEV-Qwen3.8-Flash-Next-Linear-Runtime,model,1847787ff1e695c1d9af0ab3e53b8bd4afca4d78,2026-09-22T07:30:10.000Z,other,,primitive-ai/Qwen3.8-Flash-Next-mixed-NVFP4-FP8,T2,quantization,primitive-ai/Qwen3.8-Flash-Next-mixed-NVFP4-FP8,probabilities; these are not calibrated correctness estimates. Cont,quantization of base_model primitive-ai/Qwen3.8-Flash-Next-mixed-NVFP4-FP8 (chained by name pattern + base_model field)
sshalimov04/open-jev-base,model,bf071a696e3a6ea486bfc16c22cedbfb9c3ee207,2026-09-22T07:38:45.000Z,mit,,jhu-clsp/mmBERT-small,T1,,,"distillation, cross-encoder, calibrated] ---  # open-jev-base (base","own decision head/recipe evidence in card (LoRA/head/calibration trained), no lineage to a known T1 base_model"
Jeuner/jev-maboto,model,bde448885191f1ab078a8781281e17dca9c9037f,2026-09-22T08:06:48.000Z,apache-2.0,,mlx-community/Qwen3-1.7B-4bit,T2,format_conversion,mlx-community/Qwen3-1.7B-4bit,en Nachbaus des [Jev](https://typesafe.ai)-Entscheidungsmodell-Prinz,format_conversion of base_model mlx-community/Qwen3-1.7B-4bit (chained by name pattern + base_model field)
jsaurabh/qwen3.5-9b-jev-data-mix-v2,model,af0d51022410a72218f0ddc7414f877d0556e82d,2026-09-22T08:46:13.000Z,apache-2.0,,Qwen/Qwen3.5-9B,T2,merge,Qwen/Qwen3.5-9B,ined on `Qwen/Qwen3.5-9B` for typed decision scoring with candidate logits,merge of base_model Qwen/Qwen3.5-9B (chained by name pattern + base_model field)
guzus/jev-nyotti,model,732f33063a3825ae5f8d8304a809d59834ab880b,2026-09-22T09:46:25.000Z,apache-2.0,,Qwen/Qwen3.5-4B,X,,,none found,no decision-contract evidence found in card
gionebeats/Open-Jev-2B,model,ba3ebe2043abbb8f378db5c50b28e74ea0733898,2026-09-22T13:21:13.000Z,apache-2.0,,Qwen/Qwen3.5-2B,T2,other,zefancai/open-jev-2b,ained LoRA adapter and scalar decision head for Qwen/Qwen3.5-2B.** This r,name/base_model references open-jev-2b
JonusNattapong/jev-my-bro-th960,model,d2d18940aceaba37a5c9a37bf837e7d8ced2f183,2026-09-22T13:59:13.000Z,apache-2.0,321908998,convaiinnovations/laya-multilingual,T2,other,convaiinnovations/laya-multilingual,accuracy     - type: expected_calibration_error       value: 0.13914,name/base_model references convaiinnovations/laya-multilingual
Praveenrajus/jevify-qwen3.5-4b-t2-lowlr,model,ea252e380edcefa00a0324f0a9925c0573461463,2026-09-22T19:58:02.000Z,apache-2.0,,Qwen/Qwen3.5-4B,T1,,,", system-one, decision-model, calibration, jev]  base_model: Qwen/Qw","own decision head/recipe evidence in card (LoRA/head/calibration trained), no lineage to a known T1 base_model"
vigneshlabs/ballot-jev-0.5b,model,bcb1a282b1aaf9616f333f16fd3487107834215a,2026-09-22T20:44:50.000Z,apache-2.0,,Qwen/Qwen2.5-0.5B,T1,,,- permutation-invariance   - calibration   - cpu library_name: pyto,"own decision head/recipe evidence in card (LoRA/head/calibration trained), no lineage to a known T1 base_model"
asjson/jevson-4b-01,model,a8158c87296dce73d0d6801debf09a63e64730c5,2026-09-23T01:06:47.000Z,apache-2.0,,Qwen/Qwen3-4B,T1,,,"ured-extraction, json-schema, calibrated, lora, qwen3] ---  # jevson","own decision head/recipe evidence in card (LoRA/head/calibration trained), no lineage to a known T1 base_model"
SUPER321/jevflash-doom-basic-0.6b,model,c53267bde06400f403e71e920aa2c51409f1ab0d,2026-09-23T01:14:12.000Z,apache-2.0,,Qwen/Qwen3-0.6B-Base,T1,,,n ---  # JevFlash: Doom Basic Decision Model (0.6B)  A from-scratch replic,"own decision head/recipe evidence in card (LoRA/head/calibration trained), no lineage to a known T1 base_model"
0xSojalSec/Jev-Omni,model,8d32a5cf9d1545abf7f47aa8433f68a8d0dc76f7,2026-09-23T01:20:11.000Z,apache-2.0,,google/gemma-4-12B-it,T1,,,t rights remain separate.  ## Calibration  Medium ECE: **0.0400** (1,"own decision head/recipe evidence in card (LoRA/head/calibration trained), no lineage to a known T1 base_model"
junetask/Open-Jev-9B,model,b93f228ea875e690a261fd1229b162334614873e,2026-09-23T02:00:48.000Z,apache-2.0,,Qwen/Qwen3.5-9B,T2,other,zefancai/open-jev-9b,ained LoRA adapter and scalar decision head for Qwen/Qwen3.5-9B.** This r,name/base_model references open-jev-9b
guzus/jev-nyotti-action,model,71fb08885879099d9c45be082fd8b0d733b88d07,2026-09-23T04:18:04.000Z,apache-2.0,,,X,,,none found,no decision-contract evidence found in card
JonusNattapong/jev-my-bro-th1200,model,cbf2ad3e88328cea30a929d6d5e4a4da98be0722,2026-09-23T04:59:42.000Z,apache-2.0,321908998,convaiinnovations/laya-multilingual,T2,quantization,convaiinnovations/laya-multilingual,n choice accuracy     - type: noul_accuracy       value: 0.9350,quantization of base_model convaiinnovations/laya-multilingual (chained by name pattern + base_model field)
xuhaodev/Qwen3-1.7B-Jev,model,22e7aa20a4aaeda3a08999c163193c02c9607c9b,2026-09-23T13:34:41.000Z,apache-2.0,,Qwen/Qwen3-1.7B,T1,,,-decisions - non-generative - calibration ---  # Qwen3-1.7B-Jev  A s,"own decision head/recipe evidence in card (LoRA/head/calibration trained), no lineage to a known T1 base_model"
soyrsoyr/jev-playground-rlcd,model,c42fe0fc0a46929e24cb525678ed17e8ed80e88e,2026-09-23T14:07:32.000Z,mit,,MoritzLaurer/deberta-v3-large-zeroshot-v2.0,T1,,,3-large-zeroshot-v2.0 tags: - calibration - zero-shot-classification,"own decision head/recipe evidence in card (LoRA/head/calibration trained), no lineage to a known T1 base_model"
chaoliangUNSW/Jev-Style-Qwen3.5-2B-Decision-v2,model,e7d734bf6f29874368d55889639dcab4fb71117f,2026-09-23T16:16:34.000Z,apache-2.0,1881825088,Qwen/Qwen3.5-2B-Base,T1,,,sion-model - classification - calibration - qwen3.5 - jev-style - si,"own decision head/recipe evidence in card (LoRA/head/calibration trained), no lineage to a known T1 base_model"
chaoliangUNSW/Jev-Style-Qwen3.5-2B-Decision-v2-MLX-bf16,model,eb83baf7f3ff202e68afa2c6d48e36b1e040c46e,2026-09-23T16:18:41.000Z,apache-2.0,1881825088,chaoliangUNSW/Jev-Style-Qwen3.5-2B-Decision-v2,T2,format_conversion,chaoliangUNSW/Jev-Style-Qwen3.5-2B-Decision-v2,sion-model - classification - calibration - qwen3.5 - jev-style - si,format_conversion of base_model chaoliangUNSW/Jev-Style-Qwen3.5-2B-Decision-v2 (chained by name pattern + base_model field)
wwydmanski/bielik-minitron-jev-v0.1,model,ac239e3631a4888f580bd2f00bd67720da7675a7,2026-09-23T17:44:45.000Z,apache-2.0,,speakleash/Bielik-Minitron-7B-v3.0-Instruct,T1,,,"tem-one, decision-model, jev, calibration, lora] pipeline_tag: text-","own decision head/recipe evidence in card (LoRA/head/calibration trained), no lineage to a known T1 base_model"
lostargon/Tiny-Jev-1.7B,model,c41bcf3f191407c779bd2ebce1b992dd1469437f,2026-09-23T17:57:13.000Z,apache-2.0,1720032257,Qwen/Qwen3-1.7B,T1,,,en-jev   - decision-model   - calibrated   - routing   - classificat,"own decision head/recipe evidence in card (LoRA/head/calibration trained), no lineage to a known T1 base_model"
fukayatti0/jev-japanese-judgment,model,e1d012f62412b6549132ff12bec6c2ae397ba077,2026-09-23T18:56:38.000Z,other,,LiquidAI/LFM2.5-1.2B-JP-202606,X,,,--- | | Accuracy | 0.938 | | ECE (Expected Calibration Error),decision-contract language present but no own-training evidence found by rule; needs manual read
JonesLin/next-jev-stage1-cot,model,8fd8c0867084fa47e91d89a9bdac887e68310a25,2026-09-23T19:03:23.000Z,,,Qwen/Qwen3.5-0.8B,X,,,none found,no decision-contract evidence found in card
wwydmanski/bielik-minitron-jev-v0.2,model,7b04d30a62cc0387aa29e17fd98ecb32da8b0f92,2026-09-23T19:33:07.000Z,apache-2.0,,speakleash/Bielik-Minitron-7B-v3.0-Instruct,T1,,,"tem-one, decision-model, jev, calibration, lora] pipeline_tag: text-","own decision head/recipe evidence in card (LoRA/head/calibration trained), no lineage to a known T1 base_model"
JonesLin/next-jev-stage2-last-loop,model,2f0aa385e1d25e5302f4ad1576f6e687bd416383,2026-09-23T21:49:03.000Z,,,Qwen/Qwen3.5-0.8B,X,,,none found,no decision-contract evidence found in card
SargeDev/Jev_Qwen3.8-27B,model,dbe134f5cfd084b7a89dc7851db31c83fa8d7434,2026-09-24T00:06:49.000Z,apache-2.0,26895998464,huihui-ai/Huihui-Qwen3.8-27B-abliterated,T1,,,rated tags: - qwen3.8 - 27b - calibrated-judgment - decision-engine,"own decision head/recipe evidence in card (LoRA/head/calibration trained), no lineage to a known T1 base_model"
ramgpt/Jev_Qwen3.8-27B-GGUF,model,002807d5acdff522de81c72f028ac91b09649474,2026-09-24T02:25:21.000Z,apache-2.0,,SargeDev/Jev_Qwen3.8-27B,T2,format_conversion,SargeDev/Jev_Qwen3.8-27B,en3.8 - qwen3_5 - llama.cpp - calibrated-judgment - decision-engine,format_conversion of base_model SargeDev/Jev_Qwen3.8-27B (chained by name pattern + base_model field)
guoan1/jev-qwen35-08b,model,62986e6dce924fff167dea9d7469b01f9e7e7ff2,2026-09-24T02:29:03.000Z,apache-2.0,,Qwen/Qwen3.5-0.8B-Base,T1,,,n-model   - lora   - peft   - calibration   - system-one   - qwen3.5,"own decision head/recipe evidence in card (LoRA/head/calibration trained), no lineage to a known T1 base_model"
SargeDev/Jev_Qwen3.8-27B-NVFP4-FP8,model,b0efca9253c6f5898cc62098756707c27323107a,2026-09-24T03:03:11.000Z,apache-2.0,21171101568,SargeDev/Jev_Qwen3.8-27B,T2,quantization,SargeDev/Jev_Qwen3.8-27B,fp4 - fp8 - mixed-precision - calibrated-judgment - decision-engine,quantization of base_model SargeDev/Jev_Qwen3.8-27B (chained by name pattern + base_model field)
Rydward98/Jev-Omni,model,2733f943232dd1407b4ab077007c5a9976f649c9,2026-09-24T03:35:22.000Z,apache-2.0,,google/gemma-4-12B-it,T1,,,t rights remain separate.  ## Calibration  Medium ECE: **0.0400** (1,"own decision head/recipe evidence in card (LoRA/head/calibration trained), no lineage to a known T1 base_model"
wwydmanski/bielik-minitron-jev-v0.3,model,17dea472656122c6d4e2e09c644694349466e9cf,2026-09-24T05:35:31.000Z,apache-2.0,,speakleash/Bielik-Minitron-7B-v3.0-Instruct,T1,,,"tem-one, decision-model, jev, calibration, lora] pipeline_tag: text-","own decision head/recipe evidence in card (LoRA/head/calibration trained), no lineage to a known T1 base_model"
VTXAI/VTX-JEV-1,model,79abe5512ec65479953f119d593708fee492f5c7,2026-09-24T06:12:56.000Z,apache-2.0,7133398,,T1,,,cisions   - 4-bit   - lf4   - calibrated-probabilities   - noul   -,"own decision head/recipe evidence in card (LoRA/head/calibration trained), no lineage to a known T1 base_model"
joyfox/Qwen3.5-0.8B-JEV,model,ae7b7040aeff7802f6f2bcfdd27f08a72d5cd969,2026-09-24T07:52:51.000Z,apache-2.0,,Qwen/Qwen3.5-0.8B,T1,,,5-0.8B-JEV  This is a compact decision model derived from Qwen3.5-0.8B. It,"own decision head/recipe evidence in card (LoRA/head/calibration trained), no lineage to a known T1 base_model"
convaiinnovations/laya,model,55cf4c4ebb4ebe31b2550e8bdf3bd21b99753851,2026-09-18T05:05:55.000Z,apache-2.0,421293830,,T1,,,"tion tags: [laya, system-one, calibrated-decisions, rlcd, classifica",named T1 (own recipe/decision head; see card)
convaiinnovations/laya-multilingual,model,e4e9ddf21a7b1903b7acffd8814ad4307bf63a67,2026-09-19T03:23:34.000Z,apache-2.0,321908998,,T1,,,"ilingual, mmbert, system-one, calibrated-decisions, rlcd, classifica",named T1 (own recipe/decision head; see card)
aac6fef/laya-mlx,model,20aed815fc6acde75733882e7ec0e3f28aeb9717,2026-09-19T14:11:30.000Z,apache-2.0,421293830,convaiinnovations/laya,T2,format_conversion,convaiinnovations/laya,"ordinal `score`, and boolean `noul` questions. All model computa",format_conversion of base_model convaiinnovations/laya (chained by name pattern + base_model field)
FluidInference/laya-coreml,model,7b8d7a2b7e28e746c6ecaad44bbcd5cf251a4fcc,2026-09-21T04:25:15.000Z,apache-2.0,,convaiinnovations/laya,T2,format_conversion,convaiinnovations/laya,"er mmBERT-base encoder with a typed decision head that answers `choice`, `",format_conversion of base_model convaiinnovations/laya (chained by name pattern + base_model field)
thaitea/laya-vision,model,8b318c99d7ad3ce19c24369263463882eada9d1e,2026-09-19T15:16:25.000Z,cc-by-nc-sa-4.0,201161350,HuggingFaceTB/SmolVLM-256M-Instruct,T2,finetune_language,convaiinnovations/laya,language: - en tags: - laya - calibration - decision-model - vision,name/base_model references laya
mys/laya-GGUF,model,713ae6f6e39fb54835e010485656e4484e5ec411,2026-09-20T15:54:02.000Z,apache-2.0,,convaiinnovations/laya,T2,format_conversion,convaiinnovations/laya,ish GGUF (ggmlc)    **English System 1 decision model** compiled fro,format_conversion of base_model convaiinnovations/laya (chained by name pattern + base_model field)
aac6fef/laya-multilingual-mlx,model,f2b4faf51023039425946074e2cf1361d2db11d5,2026-09-19T14:11:31.000Z,apache-2.0,321908998,convaiinnovations/laya-multilingual,T2,format_conversion,convaiinnovations/laya-multilingual,"ordinal `score`, and boolean `noul` questions. All model computa",format_conversion of base_model convaiinnovations/laya-multilingual (chained by name pattern + base_model field)
cklxx/laya-browser,model,4219958196e2c566c141688c773e08da10c1ff3b,2026-09-21T00:12:48.000Z,apache-2.0,,convaiinnovations/laya,T2,other,convaiinnovations/laya,fine-tuned as a browser-agent decision head (drop-in replacement for Type,name/base_model references laya
Mattepiu/laya-onnx,model,a7f385bd51d35f5cbeb88e8bc4f0c7e7c0f24c44,2026-09-18T09:22:02.000Z,apache-2.0,,convaiinnovations/laya,T2,format_conversion,convaiinnovations/laya,"itions (id: 50284) prompt = f""noul question: {instructions}"" hea",format_conversion of base_model convaiinnovations/laya (chained by name pattern + base_model field)
aac6fef/laya-multilingual-coreml-ane,model,39d6a9b3d0f67f06da74fbade6121ea134cbdb21,2026-09-20T03:22:57.000Z,apache-2.0,,convaiinnovations/laya-multilingual,T2,format_conversion,convaiinnovations/laya-multilingual,"ltilingual-coreml-ane  **Laya typed decisions on Apple Silicon, using CPU",format_conversion of base_model convaiinnovations/laya-multilingual (chained by name pattern + base_model field)
mys/laya-multilingual-GGUF,model,3b645ae5428115fa5fd1c453070d22c3ce4b987d,2026-09-20T16:06:41.000Z,apache-2.0,,convaiinnovations/laya-multilingual,T2,format_conversion,convaiinnovations/laya-multilingual,GUF (ggmlc)    **Multilingual System 1 decision model** compiled fro,format_conversion of base_model convaiinnovations/laya-multilingual (chained by name pattern + base_model field)
ShaunSpark/laya-mind2web-browser-agent,model,321971c16dbb50d90d38627abd2048104e0653d0,2026-09-18T22:14:33.000Z,apache-2.0,,convaiinnovations/laya,T2,other,convaiinnovations/laya,"ce.co/convaiinnovations/laya) decision model, specialized for browser auto",name/base_model references laya
Weidows/laya-multilingual-GGUF,model,6235959603bf3d316379404b9130a10b8a406446,2026-09-21T04:03:22.000Z,apache-2.0,,convaiinnovations/laya-multilingual,T2,format_conversion,convaiinnovations/laya-multilingual,"34 tensors, max diff 0).  The decision head (36 tensors, 30 MB) ships sep",format_conversion of base_model convaiinnovations/laya-multilingual (chained by name pattern + base_model field)
sevenreasons/laya-onnx-fp16,model,0461db9c890f6a36928b1beb8063d7a4bb486b2e,2026-09-19T18:19:54.000Z,apache-2.0,,convaiinnovations/laya,T2,format_conversion,convaiinnovations/laya,"e`: `0=choice`, `1=score`, `2=noul`  ## Outputs  ```text logits",format_conversion of base_model convaiinnovations/laya (chained by name pattern + base_model field)
aac6fef/laya-coreml,model,fff78b2d9750c6b748fe8c90fcbf8bed0a1522a9,2026-09-20T03:22:22.000Z,apache-2.0,,convaiinnovations/laya,T2,format_conversion,convaiinnovations/laya,"rt ---  # laya-coreml  **Laya typed decisions on Apple Silicon, using CPU",format_conversion of base_model convaiinnovations/laya (chained by name pattern + base_model field)
aac6fef/laya-multilingual-coreml,model,8139e9089273319512c730218903784074133187,2026-09-20T03:22:41.000Z,apache-2.0,,convaiinnovations/laya-multilingual,T2,format_conversion,convaiinnovations/laya-multilingual,"a-multilingual-coreml  **Laya typed decisions on Apple Silicon, using CPU",format_conversion of base_model convaiinnovations/laya-multilingual (chained by name pattern + base_model field)
mizchi/laya-multilingual-onnx,model,d9d003d543e63d6d3375c21d44624136bd1e0bad,2026-09-20T09:39:49.000Z,apache-2.0,,convaiinnovations/laya-multilingual,T2,format_conversion,convaiinnovations/laya-multilingual,"--| | `model.onnx` | Encoder, decision head, scorer and action head in on",format_conversion of base_model convaiinnovations/laya-multilingual (chained by name pattern + base_model field)
fr0stbit3/laya-gguf,model,ce2afdc0a8766af56a29a22dcf4a781e1f5c7d3c,2026-09-20T18:25:28.000Z,apache-2.0,,convaiinnovations/laya,T2,format_conversion,convaiinnovations/laya,"llama.cpp, laya, system-one, calibrated-decisions, rlcd, classifica",format_conversion of base_model convaiinnovations/laya (chained by name pattern + base_model field)
litert-community/Laya-Multilingual-LiteRT,model,058cbf34ed2c6a2854ec60e9534c229d08740387,2026-09-21T16:11:38.000Z,apache-2.0,,convaiinnovations/laya,T2,format_conversion,convaiinnovations/laya,probability. Each question is one forward pass. **The validated Android conf,format_conversion of base_model convaiinnovations/laya (chained by name pattern + base_model field)
Luni/laya-grounded,model,adf7152c72af118bf90b4e5e9c5b158c70e95ec0,2026-09-19T14:36:51.000Z,cc-by-nc-4.0,421293830,convaiinnovations/laya,T2,other,convaiinnovations/laya,"system-one, typed-decisions, calibrated-decisions, classification,",name/base_model references laya
AXERA-TECH/Laya,model,ac8a43d514f4c2231ee53df98c8199f3a8c26edf,2026-09-21T09:56:30.000Z,apache-2.0,,convaiinnovations/laya,T2,other,convaiinnovations/laya,nt package for the Laya typed-decision model family on AX650 / NPU3.  - Ru,name/base_model references laya
receptron/laya-onnx,model,68f27dfe5a27a54fb2b1fefc432f43f972e90868,2026-09-19T16:41:43.000Z,apache-2.0,,convaiinnovations/laya,T2,format_conversion,convaiinnovations/laya,rnBERT-large encoder + Laya's decision head) for use with [`@receptron/la,format_conversion of base_model convaiinnovations/laya (chained by name pattern + base_model field)
Weidows/laya-multilingual-FP8,model,504aef26b167170940710678b94283f83c9b41bb,2026-09-21T04:03:21.000Z,apache-2.0,,convaiinnovations/laya-multilingual,T2,quantization,convaiinnovations/laya-multilingual,none found,quantization of base_model convaiinnovations/laya-multilingual (chained by name pattern + base_model field)
Wouze/laya-ara-rag,model,731b39b7b264accab86c3cde06beec5f42d023b4,2026-09-21T17:27:25.000Z,apache-2.0,321908998,convaiinnovations/laya-multilingual,T2,other,convaiinnovations/laya-multilingual,"mmBERT-base with a Laya typed-decision head, ~322M) for Arabic pairwise r",name/base_model references laya
inferenceprince/laya-onnx,model,dd0f4db73e24ef4c646d47d0e48e74024f439e6c,2026-09-21T21:42:57.000Z,apache-2.0,,convaiinnovations/laya,T2,format_conversion,convaiinnovations/laya,- onnxruntime - system-one - calibrated-decisions - text-classifica,format_conversion of base_model convaiinnovations/laya (chained by name pattern + base_model field)
thaitea/laya-vision-modernvbert-250m,model,4081dc6e00284a0d7da2071baedb9f8bf2f9d451,2026-09-21T22:41:13.000Z,cc-by-nc-sa-4.0,266971654,ModernVBERT/modernvbert,T2,finetune_language,convaiinnovations/laya,language: - en tags: - laya - calibration - decision-model - vision,name/base_model references laya
telepatia-ai/laya-pt-es-typed,model,a1bd418ef2bd8d018221f9274da5f45085a1b2d1,2026-09-22T12:00:32.000Z,apache-2.0,321908998,convaiinnovations/laya-multilingual,T2,finetune_language,convaiinnovations/laya-multilingual,ions   - choice   - score   - noul   - portuguese   - spanish,name/base_model references laya
chaoliangUNSW/MacJev-322M-4K-Laya,model,92b182e653ebd8facd04ec9bddf6f63c4a7b7c22,2026-09-22T19:48:41.000Z,apache-2.0,321908998,convaiinnovations/laya,T2,other,convaiinnovations/laya,"e.com/#macjev) — all JevStyle decision models, benchmarks and quickstart i",name/base_model references laya
tozp/laya-onnx,model,0d1f7ebf46a3ea04ec4424df602f96ddefb66766,2026-09-20T16:23:55.000Z,,,convaiinnovations/laya,T2,format_conversion,convaiinnovations/laya,"tilingual, non-autoregressive System 1 decision model.** Give it a *",format_conversion of base_model convaiinnovations/laya (chained by name pattern + base_model field)
fr0stbit3/laya-multilingual-gguf,model,65c0eefc17dc3166b39078e8abfc48cbc869d552,2026-09-20T18:26:57.000Z,apache-2.0,,convaiinnovations/laya-multilingual,T2,format_conversion,convaiinnovations/laya-multilingual,"ilingual, mmbert, system-one, calibrated-decisions, rlcd, classifica",format_conversion of base_model convaiinnovations/laya-multilingual (chained by name pattern + base_model field)
danielamitay/laya-en-fp32-swev,model,ec3c8344ed3020c1fa2da5c06d58617f752878b8,2026-09-21T02:06:48.000Z,apache-2.0,,convaiinnovations/laya,T2,format_conversion,convaiinnovations/laya,"v), a Swift package for local typed decisions. Returns choices, ordinal sc",format_conversion of base_model convaiinnovations/laya (chained by name pattern + base_model field)
smdesai/laya-multilingual-coreai,model,28067764ee0f4b43058116248d7706ffd1a5f589,2026-09-21T04:03:09.000Z,apache-2.0,,convaiinnovations/laya-multilingual,T2,format_conversion,convaiinnovations/laya-multilingual,"a-multilingual-coreai  **Laya typed decisions as a Core AI asset, with the",format_conversion of base_model convaiinnovations/laya-multilingual (chained by name pattern + base_model field)
soyelmismo/laya-multilingual-onnx,model,0966c4fa58da6878b39e7e14cb5e93313b82d828,2026-09-21T05:03:26.000Z,apache-2.0,,convaiinnovations/laya-multilingual,T2,format_conversion,convaiinnovations/laya-multilingual,"emantic decision routing, and System One fast-path inference with **0.",format_conversion of base_model convaiinnovations/laya-multilingual (chained by name pattern + base_model field)
litert-community/laya-LiteRT,model,ea4c7d41589027d51076e7ef0b700da103afa476,2026-09-21T07:25:46.000Z,apache-2.0,,convaiinnovations/laya,T2,format_conversion,convaiinnovations/laya,"ndroid GPU FP32)  A state in, calibrated answers to typed questions",format_conversion of base_model convaiinnovations/laya (chained by name pattern + base_model field)
aungthuhein-dev/laya-burmese-sib200,model,407ae7276528aa6fb85968288974c2cbb19a3f89,2026-09-21T13:33:38.000Z,apache-2.0,321908998,convaiinnovations/laya,T2,other,convaiinnovations/laya,- topic-classification    - calibrated-classification    - system-,name/base_model references laya
Wouze/laya-ara,model,c2a0118ce6688e24099feca80643b4075120751c,2026-09-21T15:54:16.000Z,other,321908998,convaiinnovations/laya-multilingual,T2,other,convaiinnovations/laya-multilingual,"-  # laya-ara  Arabic NLU for typed decisions — intent, NLI, and short-lis",name/base_model references laya
inferenceprince/laya-onnx-int8,model,24e078dd26307a67ab2d6aaf79210f014c8ff46d,2026-09-21T21:45:04.000Z,apache-2.0,,convaiinnovations/laya,T2,format_conversion,convaiinnovations/laya,antized - int8 - system-one - calibrated-decisions - text-classifica,format_conversion of base_model convaiinnovations/laya (chained by name pattern + base_model field)
nampham1106/laya-flash,model,9609b7e678f489488d671bcb28f22057fc3dbd43,2026-09-22T02:26:24.000Z,other,256205318,LiquidAI/LFM2.5-Encoder-230M,T2,other,convaiinnovations/laya,"a-flash) checkpoint, with the decision head **freshly initialized and unt",name/base_model references laya
Cahol/laya-banking77-v1,model,09a7f1a08aae1258bf079751897330b32c682767,2026-09-22T02:30:41.000Z,apache-2.0,,convaiinnovations/laya,T2,other,convaiinnovations/laya,n - customer-support - lora - calibrated-decisions metrics: - accura,name/base_model references laya
litert-community/Laya-English-LiteRT,model,504b08d32a79100f984d65c69402c5a964a2d9d2,2026-09-22T03:48:08.000Z,apache-2.0,,convaiinnovations/laya,T2,format_conversion,convaiinnovations/laya,probability. Each question is one forward pass of the main graph plus one pa,format_conversion of base_model convaiinnovations/laya (chained by name pattern + base_model field)
millat/laya-mlx,model,90f2daef06f75dbcb186d46726a11ef21b6e4365,2026-09-22T09:47:35.000Z,apache-2.0,421293830,convaiinnovations/laya,T2,format_conversion,convaiinnovations/laya,"ordinal `score`, and boolean `noul` questions. All model computa",format_conversion of base_model convaiinnovations/laya (chained by name pattern + base_model field)
harikarthikmanyam/laya-issue-triage,model,ad004d06112072b4ee9d390aa5c47ae2249209c1,2026-09-22T13:46:28.000Z,apache-2.0,421293830,convaiinnovations/laya,T2,other,convaiinnovations/laya,ocs` | | `needs_more_info` | `noul` | `true` / `false` |  ## Res,name/base_model references laya
0xSojalSec/laya-System1,model,325ef69596857536cb456277f9f7736d0deb1b93,2026-09-22T20:32:25.000Z,apache-2.0,421293830,,T2,other,convaiinnovations/laya,"tion tags: [laya, system-one, calibrated-decisions, rlcd, classifica",name/base_model references laya
mariojcr/laya-onnx,model,aeebb05497cc473360caf4de1653107cf08d6b10,2026-09-22T22:53:57.000Z,apache-2.0,,convaiinnovations/laya,T2,format_conversion,convaiinnovations/laya,cision   - classification   - calibrated   - altherium library_name:,format_conversion of base_model convaiinnovations/laya (chained by name pattern + base_model field)
flaukowski/laya-kannaka-evidence-gate,model,efd99768b5569aee95ea05cc5e91b47b776266ed,2026-09-22T23:33:44.000Z,apache-2.0,421293830,convaiinnovations/laya,T2,other,convaiinnovations/laya,"rge, 421M, non-autoregressive typed decisions) fine-tuned on **one decisio",name/base_model references laya
fibonacciai/laya-gguf-persian-multilingual-decision,model,8279c01d0382125f37eaf721d8641b9da3052564,2026-09-22T23:37:37.000Z,apache-2.0,,convaiinnovations/laya,T2,format_conversion,convaiinnovations/laya,وع‌دار (`choice` / `score` / `noul`) در **یک پاس انکودر** بازمی‌,format_conversion of base_model convaiinnovations/laya (chained by name pattern + base_model field)
rupeshs/laya-ov-int8,model,472075756b1dbc4d73b54f47440acd80dcad5b59,2026-09-23T00:29:56.000Z,apache-2.0,,,X,,,none found,empty or missing card
flaukowski/laya-kannaka-supersession,model,c494ee705e5cd4400ed702233b14993732114da7,2026-09-23T01:46:34.000Z,apache-2.0,421293830,convaiinnovations/laya,T2,other,convaiinnovations/laya,"rge, 421M, non-autoregressive typed decisions) fine-tuned on the **write-t",name/base_model references laya
tindang/laya-code,model,f3d6bd2344e4750dd917f95d40ceacfa81bb81db,2026-09-23T05:48:31.000Z,apache-2.0,421293830,convaiinnovations/laya,T2,other,convaiinnovations/laya,"ch, reranker, code-retrieval, calibrated, claude-code, laya-codex] -",name/base_model references laya
ZeroDegress/laya-gguf,model,ff850ac9c08707e926847711a4d1819dc228ecc7,2026-09-23T05:53:57.000Z,apache-2.0,,convaiinnovations/laya,T2,format_conversion,convaiinnovations/laya,aya is a non-autoregressive **System One decision model**: 421M parame,format_conversion of base_model convaiinnovations/laya (chained by name pattern + base_model field)
wigcheng5566/laya-neutron-gguf,model,aa0af580eefde27f7e7b0fe345a2168285ccf30a,2026-09-23T09:00:26.000Z,apache-2.0,,convaiinnovations/laya,T2,format_conversion,convaiinnovations/laya,r llama.cpp — encoder **and** decision head  Laya returns calibrated prob,format_conversion of base_model convaiinnovations/laya (chained by name pattern + base_model field)
sahilchachra/Laya-Multilingual-MXFP8,model,5ad482bc70374d747cf3039b5a14ef6cc58568ae,2026-09-23T12:12:57.000Z,,306939648,convaiinnovations/laya,T2,format_conversion,convaiinnovations/laya,) plus a small **from-scratch decision head** (a 2-layer `torch.nn.Transf,format_conversion of base_model convaiinnovations/laya (chained by name pattern + base_model field)
harshpreet931/cut-laya-onnx,model,192138dfb32a0b2f73425ba70345946d415bfde1,2026-09-24T10:05:55.000Z,apache-2.0,,convaiinnovations/laya,T2,format_conversion,convaiinnovations/laya,none found,format_conversion of base_model convaiinnovations/laya (chained by name pattern + base_model field)
jaredpalmer/kev-0.5b,model,9ce2fd39db3a397c89733f94af948e3d1fdfffcd,2026-09-18T20:20:01.000Z,apache-2.0,,Qwen/Qwen2.5-0.5B,T1,,,tags:   - decision-model   - calibration   - lora   - multiple-choi,named T1 (own recipe/decision head; see card)
jaredpalmer/kev-4b,model,139fdd94f1b6a6ad80cc15e08fcb99cac885a101,2026-09-19T03:59:43.000Z,apache-2.0,,Qwen/Qwen3.5-4B-Base,T1,,,tags:   - decision-model   - calibration   - lora   - multiple-choi,named T1 (own recipe/decision head; see card)
jaredpalmer/kev-9b,model,2629c06a5aeb0feb3b9783bafed17ed8f39ecf5c,2026-09-20T22:42:14.000Z,apache-2.0,,Qwen/Qwen3.5-9B-Base,T1,,,tags:   - decision-model   - calibration   - lora   - multiple-choi,named T1 (own recipe/decision head; see card)
jaredpalmer/kev-0.8b,model,9a45d25eb2ab761841196625383fa1dff0e56c1e,2026-09-20T23:42:38.000Z,apache-2.0,,Qwen/Qwen3.5-0.8B-Base,T1,,,tags:   - decision-model   - calibration   - lora   - multiple-choi,named T1 (own recipe/decision head; see card)
jaredpalmer/kev-8b,model,c80773da7f383f93c4dbff0c0b008e0463f9145a,2026-09-19T04:19:09.000Z,apache-2.0,,Qwen/Qwen3-8B-Base,T1,,,tags:   - decision-model   - calibration   - lora   - multiple-choi,named T1 (own recipe/decision head; see card)
jaredpalmer/kev-0.6b,model,dece6dba8d43f0f7ded45e9f5b9df12474d90843,2026-09-19T01:16:39.000Z,apache-2.0,,Qwen/Qwen3-0.6B-Base,T1,,,tags:   - decision-model   - calibration   - lora   - multiple-choi,named T1 (own recipe/decision head; see card)
taigrr/kev-0.8b-gguf,model,0ebc4dbf161cd6142fc7fdfc65d54ea55fedaa3f,2026-09-22T05:37:58.000Z,apache-2.0,,Qwen/Qwen3.5-0.8B-Base,T2,format_conversion,Qwen/Qwen3.5-0.8B-Base,none found,format_conversion of base_model Qwen/Qwen3.5-0.8B-Base (chained by name pattern + base_model field)
mys/kev-4b-GGUF,model,9e37a4eb7def2f73a1bd1301218b063a48ad12c9,2026-09-22T10:20:18.000Z,apache-2.0,,jaredpalmer/kev-4b,T2,format_conversion,jaredpalmer/kev-4b,4B GGUF (ggmlc)    **English System 1 decision model** compiled fro,format_conversion of base_model jaredpalmer/kev-4b (chained by name pattern + base_model field)
bespokelabs/Bespoke-Nimble-9B,model,bd792f44ec8e265be861bfcdf4e05967ffe0e858,2026-09-18T01:18:02.000Z,apache-2.0,,Qwen/Qwen3.5-9B,T1,,,reuse the older model’s 2.179 calibration. For Mac/MLX and Linux loa,named T1 (own recipe/decision head; see card)
Mapika/decider-2b,model,d61c1c16089572df5d180329b9fea4997a90090c,2026-09-16T07:59:24.000Z,apache-2.0,1881825088,Qwen/Qwen3.5-2B-Base,T1,,,"cation tags: [decision-model, calibrated, structured-output, multi-t",named T1 (own recipe/decision head; see card)
Mapika/decider-2b-vision,model,863e290863655f1d6b69324d77d09ac972d21609,2026-09-16T19:44:51.000Z,apache-2.0,2213241664,Qwen/Qwen3.5-2B-Base,T1,,,"o-text tags: [decision-model, calibrated, structured-output, vision,",named T1 (own recipe/decision head; see card)
cosetoenor/decider-2b-GGUF,model,dcc6e5537f922266d1126c15682ac0929517ee33,2026-09-18T16:25:37.000Z,apache-2.0,,Mapika/decider-2b,T2,format_conversion,Mapika/decider-2b,rns option probabilities from one forward pass. It does not generate text.,format_conversion of base_model Mapika/decider-2b (chained by name pattern + base_model field)
Mapika/decider-35b-a3b,model,91470e65478656eb68fde8c0ccdfe575d69d0309,2026-09-20T09:11:16.000Z,apache-2.0,34660610688,Qwen/Qwen3.5-35B-A3B-Base,T1,,,"cation tags: [decision-model, calibrated, structured-output, multi-t",named T1 (own recipe/decision head; see card)
Mapika/decider-35b-a3b-nvfp4,model,798555c06e419c4638c9ebd06c78ed8b5e92c868,2026-09-20T09:33:00.000Z,apache-2.0,17851937408,Mapika/decider-35b-a3b,T2,quantization,Mapika/decider-35b-a3b,"cation tags: [decision-model, calibrated, structured-output, multi-t",quantization of base_model Mapika/decider-35b-a3b (chained by name pattern + base_model field)
Mapika/decider-0.8b,model,a0a01d6f8135298f400a8c856b355793012ae971,2026-09-19T11:01:33.000Z,apache-2.0,752393024,Qwen/Qwen3.5-0.8B-Base,T1,,,"cation tags: [decision-model, calibrated, structured-output, multi-t",named T1 (own recipe/decision head; see card)
mradermacher/decider-2b-vision-GGUF,model,a813595a7a92e358d1741bf973d363be4da77db9,2026-09-17T12:55:34.000Z,apache-2.0,,Mapika/decider-2b-vision,T2,format_conversion,Mapika/decider-2b-vision,cher tags: - decision-model - calibrated - structured-output - visio,format_conversion of base_model Mapika/decider-2b-vision (chained by name pattern + base_model field)
mradermacher/decider-0.8b-GGUF,model,001df41ddc126176cab96c8aec9ada45008fbe62,2026-09-19T21:17:10.000Z,apache-2.0,,Mapika/decider-0.8b,T2,format_conversion,Mapika/decider-0.8b,cher tags: - decision-model - calibrated - structured-output - multi,format_conversion of base_model Mapika/decider-0.8b (chained by name pattern + base_model field)
mradermacher/decider-35b-a3b-GGUF,model,824c17f2d3f6178d81124531bf26437bcfd1fd43,2026-09-21T06:17:58.000Z,apache-2.0,,Mapika/decider-35b-a3b,T2,format_conversion,Mapika/decider-35b-a3b,cher tags: - decision-model - calibrated - structured-output - multi,format_conversion of base_model Mapika/decider-35b-a3b (chained by name pattern + base_model field)
mlboydaisuke/decider-0.8b-CoreAI,model,3f01e55d6c50f18d5650be7b929e4b902baf15fa,2026-09-21T07:43:26.000Z,apache-2.0,,Mapika/decider-0.8b,T2,format_conversion,Mapika/decider-0.8b,ne - metal - decision-model - calibrated - system-one - typed-decisi,format_conversion of base_model Mapika/decider-0.8b (chained by name pattern + base_model field)
Mapika/decider-4b,model,49564ddcfccafb6db563eb757c1d41e6c78dcb56,2026-09-22T14:50:07.000Z,apache-2.0,4205751296,Qwen/Qwen3.5-4B-Base,T1,,,"cation tags: [decision-model, calibrated, structured-output, multi-t",named T1 (own recipe/decision head; see card)
SirSahOl/decider-2b-chat-mlx-4bit,model,4c478b6a7d9449dbb3e6142cd3daaa5519247ecd,2026-09-22T02:29:26.000Z,unknown,1881825088,JackFram/decider-2b,T2,format_conversion,JackFram/decider-2b,none found,format_conversion of base_model JackFram/decider-2b (chained by name pattern + base_model field)
SirSahOl/decider-2b-chat-mlx-8bit,model,43258f710d6087fa56341b214e2c478700f18b68,2026-09-22T02:29:42.000Z,unknown,1881825088,JackFram/decider-2b,T2,format_conversion,JackFram/decider-2b,none found,format_conversion of base_model JackFram/decider-2b (chained by name pattern + base_model field)
SirSahOl/decider-2b-chat-mlx-16bit,model,278db336cbc05428ae115c118906d84e27f34a91,2026-09-22T02:30:08.000Z,unknown,1881825088,JackFram/decider-2b,T2,format_conversion,JackFram/decider-2b,none found,format_conversion of base_model JackFram/decider-2b (chained by name pattern + base_model field)
edbordin-linktree/decider-0.8b-executorch-mlx,model,d1325c1ba36409f6e9efbc431854cb83982582da,2026-09-23T05:30:57.000Z,apache-2.0,,Mapika/decider-0.8b,T2,format_conversion,Mapika/decider-0.8b,"typed-decision interface and calibration: **Mark Marosi / Mapika**,",format_conversion of base_model Mapika/decider-0.8b (chained by name pattern + base_model field)
edbordin-linktree/decider-2b-executorch-mlx,model,4641daf648b8577b3f7d16c77581e6483289a303,2026-09-23T05:30:58.000Z,apache-2.0,,Mapika/decider-2b,T2,format_conversion,Mapika/decider-2b,"typed-decision interface and calibration: **Mark Marosi / Mapika**,",format_conversion of base_model Mapika/decider-2b (chained by name pattern + base_model field)
DreamBlooms/decider-0.8b-GGUF,model,28446f745a432be2a7ef00feec71031d957b54c9,2026-09-23T09:36:00.000Z,apache-2.0,,Mapika/decider-0.8b,T2,format_conversion,Mapika/decider-0.8b,"cation tags: [decision-model, calibrated, structured-output, multi-t",format_conversion of base_model Mapika/decider-0.8b (chained by name pattern + base_model field)
litert-community/decider-0.8b-LiteRT,model,9aa2116bbb33ab783f2255bf4b05d0bccf82ebf2,2026-09-23T10:18:26.000Z,apache-2.0,,Mapika/decider-0.8b,T2,format_conversion,Mapika/decider-0.8b,ltanet] ---  # decider-0.8b — typed decisions in LiteRT-LM  To route a sup,format_conversion of base_model Mapika/decider-0.8b (chained by name pattern + base_model field)
DreamBlooms/decider-2b-GGUF,model,3ccc6449e4254b1efb5ebafdd8aba3b1715d5354,2026-09-23T10:20:20.000Z,apache-2.0,,Mapika/decider-2b,T2,format_conversion,Mapika/decider-2b,"cation tags: [decision-model, calibrated, structured-output, multi-t",format_conversion of base_model Mapika/decider-2b (chained by name pattern + base_model field)
vdaular/decider-35b-a3b,model,350176ce42e4c03a5716a2025e253a983553732a,2026-09-23T23:16:27.000Z,apache-2.0,34660610688,Qwen/Qwen3.5-35B-A3B-Base,T2,other,decider-35b,"cation tags: [decision-model, calibrated, structured-output, multi-t",name/base_model references decider-35b
vdaular/decider-2b-vision,model,92c06da1a01311b056c41ccc85f07d1c9ba67679,2026-09-23T23:18:04.000Z,apache-2.0,2213241664,Qwen/Qwen3.5-2B-Base,T2,other,mapika/decider-2b,"o-text tags: [decision-model, calibrated, structured-output, vision,",name/base_model references decider-2b
mradermacher/decider-4b-GGUF,model,964a63cf3bb0ea54ec9029518dd27085863b91c4,2026-09-24T00:00:05.000Z,apache-2.0,,Mapika/decider-4b,T2,format_conversion,Mapika/decider-4b,cher tags: - decision-model - calibrated - structured-output - multi,format_conversion of base_model Mapika/decider-4b (chained by name pattern + base_model field)
ollaya-dev/decider,model,1af5ebe0474b336f89a43fab8aef53508d4ee797,2026-09-24T10:02:18.000Z,apache-2.0,,Mapika/decider-2b,T2,format_conversion,Mapika/decider-2b,"* by Mapika. Ollaya runs open decision models locally, the way Ollama runs",format_conversion of base_model Mapika/decider-2b (chained by name pattern + base_model field)
flock-io/this-that-model-1.0,model,3d927195c4f9845efe66c5715883a7a0f42b1239,2026-09-20T01:03:04.000Z,mit,1881825088,decider-2b,T1,,,ion   - structured-output   - calibration   - decision-making   - de,named T1 (own recipe/decision head; see card)
flock-io/this-that-model-1.2,model,c4d1c30b8d512d278726de439b8cc81fccc70c8f,2026-09-23T15:58:30.000Z,mit,1881825088,decider-2b,T1,,,ion   - structured-output   - calibration   - decision-making   - de,named T1 (own recipe/decision head; see card)
mradermacher/this-that-model-1.0-GGUF,model,9a505d192410c593bf3119b5d780630cd74c674f,2026-09-20T22:09:40.000Z,mit,,flock-io/this-that-model-1.0,T2,finetune_domain,Mapika/decider-2b,ecision - structured-output - calibration - decision-making - deltan,"base_model=decider-2b (Qwen3.5-2B DeltaNet decision head); card gives no evidence of an independently trained head, so treated as a finetune of decider-2b despite being named alongside the T1 exhibits"
flock-io/this-that-model-1.1,model,fc083c82bd5872abfeaf0d44cf7482324efce87d,2026-09-22T18:23:59.000Z,mit,1881825088,decider-2b,T1,,,ion   - structured-output   - calibration   - decision-making   - de,named T1 (own recipe/decision head; see card)
evalengine/this-that-model-1.1-gguf,model,037e8e66a1d16603c638160b087e8788b3fdb602,2026-09-23T13:22:48.000Z,mit,,flock-io/this-that-model-1.1,T2,finetune_domain,Mapika/decider-2b,"this-that-model-1.1), a 1.88B typed decision model. It is used by Unbound'","base_model=decider-2b (Qwen3.5-2B DeltaNet decision head); card gives no evidence of an independently trained head, so treated as a finetune of decider-2b despite being named alongside the T1 exhibits"
mradermacher/this-that-model-1.2-GGUF,model,72f46a85ded9751ac889feca4cd6285e263fcda1,2026-09-24T01:23:40.000Z,mit,,flock-io/this-that-model-1.2,T2,finetune_domain,Mapika/decider-2b,ecision - structured-output - calibration - decision-making - deltan,"base_model=decider-2b (Qwen3.5-2B DeltaNet decision head); card gives no evidence of an independently trained head, so treated as a finetune of decider-2b despite being named alongside the T1 exhibits"
LocalLLaMA/typed-decisions,dataset,c76749ec58bd8c3d2ea706b31c333a9059c38f90,2026-09-16T07:42:28.000Z,apache-2.0,,,D,,,0 language: - en pretty_name: Typed Decisions size_categories: - n<1K task,dataset with typed-decision evidence in card
tasksource/tasksource-jev-typed-decisions,dataset,01cf47f3854cc90dc6e60b744586b1c843a3c639,2026-09-22T09:02:21.000Z,other,,,D,,,"target`. `kind` is `choice`, `noul` (one truth probability), or",dataset with typed-decision evidence in card
n4ze3m/typed-decisions-synth,dataset,5ece89a225b23c4cd5c4bab5735a0819d61dd7d5,2026-09-20T08:27:59.000Z,mit,,,D,,,t language: [en] pretty_name: Typed Decisions Synth size_categories: [10K<,dataset with typed-decision evidence in card
tasksource/procedural-typed-decisions,dataset,b4f55bea135283127b2945c8e6fc7e68e9c56a4a,2026-09-23T08:19:17.000Z,apache-2.0,,,D,,,fig_name: partial_observation_calibration   data_files:   - split: t,dataset with typed-decision evidence in card
pngwn/typed-decisions,dataset,ccc60827116873886f36baf3e9125a2ea91cce6b,2026-09-16T13:58:26.000Z,cc-by-sa-4.0,,,D,,,- diffusion-language-model - calibration - masked-diffusion - llada,dataset with typed-decision evidence in card
pngwn/typed-decisions-v2,dataset,74a8ed2d0d28955351805f7829d7149961172f88,2026-09-16T20:11:37.000Z,cc-by-sa-4.0,,,D,,,en tags: - typed-decisions - calibration - masked-diffusion - llada,dataset with typed-decision evidence in card
pngwn/typed-decisions-causal-experiment,dataset,0529c3ba0f60bc09775b84a5aa6acae92a8871f8,2026-09-16T20:49:27.000Z,,,,X,,,none found,empty or missing card
pngwn/typed-decisions-v2-system-one,dataset,4af44cdb3cb6e7a4374ef6a2e86bbc656e93d29e,2026-09-16T23:43:56.000Z,,,,X,,,none found,dataset card has no typed-decision evidence
com-kotobalabs/typed-decisions-repo-governance,dataset,e294a83b1a846d438547dee7ba0269ae8e9a7d0c,2026-09-19T08:27:52.000Z,apache-2.0,,,D,,,gs: - typed-decisions - jev - calibration pretty_name: typed-decisio,dataset with typed-decision evidence in card
com-kotobalabs/typed-decisions-code-holes,dataset,72f6bb8d1dcf17777483da5b96081b46f3e5d279,2026-09-19T23:25:39.000Z,apache-2.0,,,D,,,"d_tokens > 100`, and a strong decision model scored 0.05 on their symbol h",dataset with typed-decision evidence in card
telepatia-ai/typed-decisions-pt-es,dataset,8c85a4d2017c12599857ad083f87536fa6424596,2026-09-22T14:42:27.000Z,apache-2.0,,,D,,,--- pretty_name: Typed Decisions PT/ES license: apache-2.0 la,dataset with typed-decision evidence in card
AirsideLabs/notam-typed-decisions,dataset,70392f206e8d52ad4a2ce93e7719b0c10f46c3a1,2026-09-23T12:03:30.000Z,cc-by-4.0,,,D,,,cc-by-4.0 pretty_name: NOTAM typed decisions language: - en tags: - aviat,dataset with typed-decision evidence in card
ZefanCai/Open-Jev,dataset,c67699e13d0ae25e35b77165a4b6b079bedc8aba,2026-09-20T20:13:01.000Z,cc0-1.0,,,D,,,rain-*.parquet       - split: calibration         path: data/release,"named T1 (own recipe/decision head; see card) | curator note: dataset repo, moved from T1 to D"
SargeDev/jev-distill-corpus-v3,dataset,fc99c6357a9f89f7512c4a987314352addead049,2026-09-21T13:50:58.000Z,apache-2.0,,,D,,,ecisions   - distillation   - calibrated-probabilities   - noul   -,dataset with typed-decision evidence in card
ZefanCai/Open-Jev-v1.1,dataset,10ad6888333fa97f8c948192797bad3de3040802,2026-09-22T23:58:56.000Z,other,,,D,,,rain-*.parquet       - split: calibration         path: data/communi,"named T1 (own recipe/decision head; see card) | curator note: dataset repo, moved from T1 to D"
Luni/laya-jev-benchmark,dataset,d75081b2a4b2ad772793d6a7f5f5b4fdca00d557,2026-09-19T14:33:48.000Z,apache-2.0,,,D,,,"tags: [benchmark, evaluation, calibration, typed-decisions, system-o",dataset with typed-decision evidence in card
Praveenrajus/jev-bench,dataset,c756399acef6682a388f6552af40232884d762d6,2026-09-20T08:07:09.000Z,other,,,D,,,ories:  - 100K<n<1M  tags:  - calibration  - system-one  - decision-,dataset with typed-decision evidence in card
samatv256/jev-decisions-v1,dataset,d063f00b9178a3a08558c20d5cbce0d0f2f5d3f2,2026-09-23T14:31:50.000Z,cc-by-4.0,,,D,,,"tion systems, and small local decision models. It is not primarily a conve",dataset with typed-decision evidence in card
pngwn/open-jev-laya-bench,dataset,9f69c7422d226aecc8cd5a952845434fb9d1da13,2026-09-18T18:36:28.000Z,,,,X,,,none found,empty or missing card
ctaxnagomi/INSTRUCT_JEV,dataset,b0a09278b9b6d232be16df110ed7ef2866d279a9,2026-09-19T05:04:24.000Z,mit,,,D,,,"pretty_name: ""INSTRUCT_JEV - TypeSafe AI Jev / System One Instructi",dataset with typed-decision evidence in card
HIT-TMG/JevEmbed-Data,dataset,fc7f44305315082d7d554d572024861e438aeffa,2026-09-24T05:39:36.000Z,"['apache-2.0', 'cc0-1.0', 'cc-by-4.0']",,,D,,,bility-estimation - control - noul - choice - score language: -,dataset with typed-decision evidence in card
vagmi/jevlite_dataset,dataset,b1c29cfe506a35579b68784b526a95dcf475dea2,2026-09-20T18:01:33.000Z,cc-by-sa-4.0,,,D,,,ation tags:   - synthetic   - calibration   - soft-labels   - decisi,dataset with typed-decision evidence in card
reachjalil/jevlogs-log-triage-benchmark,dataset,4c80b79c911ea166bddb290d9901f5bc7e03b603,2026-09-17T06:34:17.000Z,other,,,D,,,"ed public logs. Jev Logs asks TypeSafe’s Jev, through Vercel AI Gate",dataset with typed-decision evidence in card
reachjalil/jev-luna-pagerduty-trigger,dataset,ff09d859a9e2f428269227ce6cae65f69affd7e7,2026-09-17T19:07:35.000Z,mit,,,D,,,duty   - alerting   - jev   - typesafe   - gpt-5.6-luna   - vercel-a,dataset with typed-decision evidence in card
reachjalil/jev-tree-choice-cap,dataset,6f7a325a301043679946bd2bc83900c17cceee09,2026-09-18T01:17:30.000Z,mit,,,D,,,s:   - n<1K tags:   - jev   - typesafe   - taxonomy   - classificati,dataset with typed-decision evidence in card
FaroukMoc2/jev-stage2-image-beans-pilot,dataset,d677130e9b323853bf5a00581966e9bac19ab124,2026-09-18T05:07:06.000Z,mit,,,D,,,production release and model calibration evaluation remain pending.,dataset with typed-decision evidence in card
Mikhail/mini-jev-runs,dataset,8f84bb1a789bd0b31c95f02fadabc444f3c30dd4,2026-09-18T12:05:07.000Z,mit,,,D,,,ecoding - structured-output - calibration - intent-classification -,dataset with typed-decision evidence in card
ctaxnagomi/DGUI_HYPERMEM-JEV,dataset,d08660e82a81abeb0cea1bf68416c8afa3ddf183,2026-09-19T05:45:56.000Z,mit,,,D,,,- dgui-hypermem   - jev   - typesafe-system-one   - choice   - nou,dataset with typed-decision evidence in card
AndeyTait/JevForge-Mind2Web,dataset,8c6fa6c9804f5b18b38a5e4dc343d37b4ed7cf2b,2026-09-19T10:36:25.000Z,cc-by-4.0,,,D,,,th: data/dev.jsonl   - split: calibration     path: data/calibration,dataset with typed-decision evidence in card
Nebulaw1/jev-legal-judgment-tests,dataset,92626fc93c9a4404f61c6ce091c91d36acad6ec8,2026-09-20T09:56:32.000Z,,,,X,,,none found,dataset card has no typed-decision evidence
emretheus/jev-rag-benchmark,dataset,8abd1e7be208726fd9ee8fd656a2a4c8083997be,2026-09-20T17:34:41.000Z,mit,,,D,,,hmark   - jev   - openjev   - typesafe   - calibration   - system-on,dataset with typed-decision evidence in card
SargeDev/jev-distill-corpus,dataset,bd686f32e9b3982b1a46a5f0c436157e293e6c98,2026-09-21T03:30:50.000Z,apache-2.0,,,D,,,"e, outputs P(relevant) as the calibrated `yes` probability read from",dataset with typed-decision evidence in card
JonusNattapong/jev-my-bro-dataset,dataset,b02d2ba9d3c8f157add8ae91bf1ff3bf775fc41a,2026-09-21T07:15:31.000Z,other,,,D,,,lidation.jsonl       - split: calibration         path: calibration.,dataset with typed-decision evidence in card
egetheengineer/jevcraft,dataset,7372c997e1a32beb3673420cf8c8262ff37ef185,2026-09-21T09:06:29.000Z,cc-by-sa-4.0,,,D,,,ameplay  Screen recordings of TypeSafe's Jev model playing [VoxeLibr,dataset with typed-decision evidence in card
clduab11/jev-calibration-statistics,dataset,9bbe055ee8751a927f3ca94e1f4fa67e64846416,2026-09-21T16:01:54.000Z,mit,,,D,,,language:    - en  tags:    - calibration    - llm-as-judge    - eva,dataset with typed-decision evidence in card
marcmagn1/jev-alt-systemone-eval,dataset,a7a6f1948ded6b08667a89d815a46cfad21672d5,2026-09-21T17:10:46.000Z,,,,X,,,none found,empty or missing card
Jevanleeuwen/textile-samples,dataset,e74f387756d481b55552d2e270b161d53c0a0e0a,2026-09-21T23:26:16.000Z,cc-by-4.0,,,X,,,none found,dataset card has no typed-decision evidence
JonesLin/next-jev-laya-test,dataset,f52fb89c13a59a6576fa500eb5700545ec9449c9,2026-09-22T05:46:44.000Z,cc-by-nc-4.0,,,X,,,none found,dataset card has no typed-decision evidence
JonesLin/next-jev-phase1-accepted,dataset,94348445f71edc7c089aace23a2bfb89bd8a4d22,2026-09-22T08:29:10.000Z,,,,X,,,none found,dataset card has no typed-decision evidence
fukayatti0/jev-japanese-judgment,dataset,011d426f61365b1f20088a1fa40399ff07df0197,2026-09-22T16:26:38.000Z,,,,X,,,none found,dataset card has no typed-decision evidence
JonesLin/next-jev-stage1-multi-model-cot,dataset,7f3c27af550039847ff729dac44fa0611a20acb3,2026-09-23T05:34:18.000Z,,,,X,,,none found,dataset card has no typed-decision evidence
JonesLin/next-jev-stage2-merged-verified-20260923,dataset,7da062a3020cb17fd1dfbfd1457f15d6a6c748e0,2026-09-23T06:10:25.000Z,,,,X,,,none found,dataset card has no typed-decision evidence
yehor-oleksiuk/bonzi-vs-jev-wanli256,dataset,685a256d21a2d0d32d9a524c909065bcb2501bc8,2026-09-23T08:46:12.000Z,,,,D,,,Source | |---|---|---|---| | TypeSafe Jev (API) | **79.3%** (203/25,dataset with typed-decision evidence in card
soyrsoyr/jev-playground-rlcd-v0,dataset,0e7293bd1377df2b49fe5ca3103c75ee408b5aeb,2026-09-23T14:07:05.000Z,mit,,,D,,,ategories: - 1K<n<10K tags: - calibration - zero-shot-classification,dataset with typed-decision evidence in card
JonesLin/next-jev-stage2-nextjev,dataset,32034c66a7ab856101bac2bd7cb6852d8de4d990,2026-09-23T17:09:08.000Z,,,,X,,,none found,dataset card has no typed-decision evidence
sujalgawas/jev-1min-stock-bars,dataset,b456683f41a514cb31a2313de59c303b818834af,2026-09-23T23:47:36.000Z,,,,X,,,none found,dataset card has no typed-decision evidence
JonesLin/next-jev-tetris-decisions-10k,dataset,ff95cff11d6fd543e2b31df39e4f63b869593713,2026-09-24T01:36:11.000Z,,,,X,,,none found,dataset card has no typed-decision evidence
KikiNLP/CanITrustYou-Jev,dataset,6aa473a54e1d26c0c5b4aae6f14cf1f73d0c8cc3,2026-09-24T03:17:11.000Z,cc-by-nc-4.0,,,D,,,hem?** We evaluate [Jev-style System One models](https://typesafe.ai/b,dataset with typed-decision evidence in card
liliruli/jev-api-article-assets,dataset,8f8dd4b05c03c6de97abe4e8d423bd12b10a30ce,2026-09-24T03:42:02.000Z,,,,X,,,none found,empty or missing card
TriadParty/jevm-news,dataset,96beb31d311a8180d4e30e1b50eed0b91a2f1d14,2026-09-24T04:38:42.000Z,other,,,X,,,none found,dataset card has no typed-decision evidence
JanerasGate/jev-distill-corpus-v3,dataset,a773ce084b4218f528afddcc3cb6dd1c85ca5375,2026-09-24T05:39:07.000Z,apache-2.0,,,D,,,ecisions   - distillation   - calibrated-probabilities   - noul   -,dataset with typed-decision evidence in card
kishida/jev-bench,dataset,99588687396152c225431fff29c134127ee142e6,2026-09-24T06:32:19.000Z,cc-by-sa-4.0,,,D,,,"iting an answer** — the Jev / TypeSafe System One style of API, wher",dataset with typed-decision evidence in card
JonesLin/next-jev-choice-cot-200k,dataset,50e1e5d742381ac4b04165497990f6df376b06d8,2026-09-24T06:44:20.000Z,,,,D,,,"on types: {'choice': 166423, 'noul': 33577} (noul questions are",dataset with typed-decision evidence in card
erol4/jev-qc-clips,dataset,6e49d610bab472007dc84de7287bf0f9b183e137,2026-09-24T11:30:10.000Z,,,,X,,,none found,empty or missing card
FrontiersMind/jev-labelled-data-temp,dataset,49f38c6d1ca1eb00f791a80d0e8b56296f402ace,2026-09-24T13:09:39.000Z,other,,,X,,,none found,dataset card has no typed-decision evidence
roskosmos19/SystemOne,dataset,adeb2306571835dde6ee25ff3fe6af00a514e505,2026-09-19T07:20:09.000Z,,,,D,,,uation dataset** for a hybrid System One + Agentic model.  This datase,dataset with typed-decision evidence in card
dylantom2012/open-system-one-bench,dataset,9590bb2b3b4a155cd97a86fa89dc87c0e1a3fb37,2026-09-21T08:45:04.000Z,mit,,,D,,,model-comparison   - jev   - typesafe   - cross-encoder   - per-exa,dataset with typed-decision evidence in card
pngwn/system-one-decisions,dataset,fe081073641c58f336acafe090002e4435313c0a,2026-09-16T13:58:47.000Z,cc-by-nc-4.0,,,X,,,none found,dataset card has no typed-decision evidence
DavidHatley/system-one-mini-data,dataset,319c9329b4178e647e048fe8107a75ecc42e39c1,2026-09-16T17:02:50.000Z,apache-2.0,,,D,,,t-classification pretty_name: System One Mini Synthetic Diagnostics co,dataset with typed-decision evidence in card
dwidlee/systemone-lite-general,dataset,c14eb7f7518f1d15cfcc27ac300c070a145d506a,2026-09-19T08:05:11.000Z,mit,,,D,,,LM SFT).  Not affiliated with TypeSafe AI / Jev. Labels are rule-bas,dataset with typed-decision evidence in card
shreyanbr/system-one-training-pairs,dataset,813f34c0fe7180fefe581a502d5fc732866818b2,2026-09-19T20:18:45.000Z,apache-2.0,,,D,,,on tags:   - distillation   - calibration ---  # System One training,dataset with typed-decision evidence in card
dwidlee/systemone-lite-phase2,dataset,c85990fa3865402d1795563098c6aeefd5bce23e,2026-09-20T14:47:51.000Z,apache-2.0,,,D,,,systemone-lite-phase2  Typed System One distill rows (`task` / `state,dataset with typed-decision evidence in card
kaivoss/system-one-270m-data,dataset,f31d5a3f3da828021c792edf5ab4b93cf60fe01b,2026-09-21T23:14:44.000Z,apache-2.0,,,D,,,m-one   - typed-decisions   - calibration   - synthetic ---  # syste,dataset with typed-decision evidence in card
caiovicentino1/eikos-decisions,dataset,26d9a680efdf5c05a0aa12d97231b0cc70898392,2026-09-24T00:04:26.000Z,cc-by-4.0,,,D,,,ion tags: - decision-making - calibration - distillation - finance -,dataset with typed-decision evidence in card
mghafiri/decision-model-scenarios,dataset,f564a8cca9dcf0a3d85dfbb4f55690386d9c7273,2026-09-22T13:36:08.000Z,mit,,,D,,,t language: - en pretty_name: Decision Model Scenarios size_categories: -,dataset with typed-decision evidence in card
chaoliangUNSW/MacJev-0.8B-Decision-Data,dataset,2688fe069b693fb09fbacf92c0890488b19fd561,2026-09-24T11:25:08.000Z,,,,D,,,MacJev-0.8B is a Qwen3.5-0.8B decision model. For each option it outputs a,dataset with typed-decision evidence in card
Layan544/3D,model,7cbc48b413d95335d16ab755b438ab80e5d32573,2026-09-18T20:29:55.000Z,,,,X,,,none found,empty or missing card
aaroncool9/laya,model,55fd0220a1734502dee42d31cb0794b1b56ad17e,2026-09-19T08:26:49.000Z,apache-2.0,421293830,,T2,other,convaiinnovations/laya,"tion tags: [laya, system-one, calibrated-decisions, rlcd, classifica",name/base_model references laya
akpsahan/laya,model,d96df1649680e4acd18f7f20c5dc6d2b1bd1143d,2026-09-19T18:53:24.000Z,apache-2.0,421293830,,T2,other,convaiinnovations/laya,"tion tags: [laya, system-one, calibrated-decisions, rlcd, classifica",name/base_model references laya
daliborsb/laya,model,cba84b663fe8024d86af5a9139cc2aa293a16dc6,2026-09-19T22:31:16.000Z,apache-2.0,421293830,,T2,other,convaiinnovations/laya,"tion tags: [laya, system-one, calibrated-decisions, rlcd, classifica",name/base_model references laya
aac6fef/laya-multilingual-coreml-ane-w8,model,7503714810747a879b1e310074a9398bc573e739,2026-09-20T03:23:09.000Z,apache-2.0,,convaiinnovations/laya-multilingual,T2,format_conversion,convaiinnovations/laya-multilingual,"lingual-coreml-ane-w8  **Laya typed decisions on Apple Silicon, using CPU",format_conversion of base_model convaiinnovations/laya-multilingual (chained by name pattern + base_model field)
aac6fef/laya-multilingual-coreml-snake,model,e580bca9c1a8f5e6084afedc49cba4a166dfc6f2,2026-09-20T03:23:46.000Z,apache-2.0,,convaiinnovations/laya-multilingual,T2,format_conversion,convaiinnovations/laya-multilingual,"ilingual-coreml-snake  **Laya typed decisions on Apple Silicon, using CPU",format_conversion of base_model convaiinnovations/laya-multilingual (chained by name pattern + base_model field)
sekkit/laya,model,97f34fefc62be9bf1170a48f408d6efb81c19cf2,2026-09-20T05:11:38.000Z,apache-2.0,421293830,,T2,other,convaiinnovations/laya,"tion tags: [laya, system-one, calibrated-decisions, rlcd, classifica",name/base_model references laya
aaroncool9/laya-vision-smolvlm-256m,model,0c939ac5119c3f77befe5c8986b1866fda8a8b54,2026-09-20T12:39:22.000Z,cc-by-nc-sa-4.0,236562310,HuggingFaceTB/SmolVLM-256M-Instruct,T2,other,convaiinnovations/laya,language: - en tags: - laya - calibration - decision-model - vision,name/base_model references laya
nvkudva/laya-web-q8,model,a1f49ac3c927b2e694a074af081d043adaa0fda1,2026-09-20T13:11:22.000Z,apache-2.0,,convaiinnovations/laya,T2,format_conversion,convaiinnovations/laya,ebassembly   - in-browser   - calibrated-decisions   - classificatio,format_conversion of base_model convaiinnovations/laya (chained by name pattern + base_model field)
Emerald7664/laya,model,59bce85b0afa0df19e8447a11cef68fe18e37c4c,2026-09-20T17:03:45.000Z,apache-2.0,421293830,,T2,other,convaiinnovations/laya,"tion tags: [laya, system-one, calibrated-decisions, rlcd, classifica",name/base_model references laya
Gtrkrsk/laya,model,f6029af5253c735c891f0678ba49879469ba4cf8,2026-09-20T21:16:05.000Z,apache-2.0,421293830,,T2,other,convaiinnovations/laya,"tion tags: [laya, system-one, calibrated-decisions, rlcd, classifica",name/base_model references laya
p-yan/laya-quanto,model,070a6e6097632683a455c1b9180953f0ef8d6d1d,2026-09-20T21:39:42.000Z,apache-2.0,,convaiinnovations/laya,T2,quantization,convaiinnovations/laya,none found,quantization of base_model convaiinnovations/laya (chained by name pattern + base_model field)
BlueAquilae/laya-pack-shaped,model,befbdb518ac0aa0bdee9c8f3b061dc23d129d93b,2026-09-21T00:03:48.000Z,,421293830,,X,,,none found,empty or missing card
telepatia-ai/laya-pt-es-nli,model,71459abd38f4e439b2f4e3a2dae87573ae40c77e,2026-09-21T00:14:02.000Z,apache-2.0,321908998,convaiinnovations/laya-multilingual,T2,finetune_language,convaiinnovations/laya-multilingual,- portuguese   - spanish   - calibrated-decisions   - rlcd   - audi,name/base_model references laya
HimanshuPathak/laya,model,9158f1271b3a832be6850a4d0c1a2ce4c2ad1520,2026-09-21T02:46:12.000Z,apache-2.0,421293830,,T2,other,convaiinnovations/laya,"tion tags: [laya, system-one, calibrated-decisions, rlcd, classifica",name/base_model references laya
alfred361/laya-web,model,17f45262cc44dd07a573c8edd05a60340441d4c2,2026-09-21T09:59:11.000Z,,,,T2,format_conversion,convaiinnovations/laya,"d it batches. Scores 0.342 on typed decisions, below the 0.461 of always a",name/base_model references laya
GeekyAbs/laya,model,b65d05b4d9eb716b163e4348026c07fbdff615bd,2026-09-21T10:27:27.000Z,apache-2.0,421293830,,T2,other,convaiinnovations/laya,"tion tags: [laya, system-one, calibrated-decisions, rlcd, classifica",name/base_model references laya
piratehack009/laya-cn-finance-relevance,model,6ee4b120b3f9fbb155450a04527b5a02b836971d,2026-09-21T13:37:04.000Z,,321908998,,X,,,none found,empty or missing card
VishalMysore/layaForWeb,model,cd232d276e3f22ca9788a9c8c1d223762808d8ed,2026-09-21T14:37:51.000Z,apache-2.0,,convaiinnovations/laya,T2,format_conversion,convaiinnovations/laya,none found,format_conversion of base_model convaiinnovations/laya (chained by name pattern + base_model field)
piratehack009/laya-cn-flash-triage,model,b4b6e63a242b442a405c0ab0d1be6ff7256f1e69,2026-09-21T15:16:03.000Z,,321908998,,X,,,none found,empty or missing card
sivasub987/mandate-1-laya,model,5039fc2e116e9e2636be13d4808f4d3621b405ab,2026-09-21T16:56:19.000Z,apache-2.0,421293830,convaiinnovations/laya-typed-decisions,T2,other,convaiinnovations/laya-typed-decisions,parate 60-example temperature calibration. An inherited option-count,name/base_model references laya
opg13/laya,model,99175af5d67919ae93b7ffc1a1db4835af14245e,2026-09-21T17:47:04.000Z,apache-2.0,421293830,,T2,other,convaiinnovations/laya,"tion tags: [laya, system-one, calibrated-decisions, rlcd, classifica",name/base_model references laya
rarha/laya-onnx,model,b5eb4528c941101660fceba5d7f95b08d4d2f530,2026-09-21T19:53:18.000Z,apache-2.0,,,X,,,none found,empty or missing card
InfinimindCreations/laya-rlcd-training,model,bc5f133f743d6cbc306270d5d6eef1d0f12db8f0,2026-09-21T20:50:14.000Z,,,,T2,other,convaiinnovations/laya,"tions/laya), the open-weights System One model.  Laya ships the buildi",name/base_model references laya
TracNetwork/mayhem-catalog-convaiinnovations-laya,model,d288cbfe560a0ff904401f57e28820aa140c11e7,2026-09-21T21:57:58.000Z,apache-2.0,421293830,,T2,other,convaiinnovations/laya,"tion tags: [laya, system-one, calibrated-decisions, rlcd, classifica",name/base_model references laya
Silversys/laya-eurusd,model,f4ac9445211d794ac4b75729edb5d16f7738c4d2,2026-09-21T23:41:49.000Z,,421293830,,X,,,none found,empty or missing card
SwagMessiah100/laya,model,9a08077dcab5588508ea33361c5be7982767cd37,2026-09-22T00:16:29.000Z,apache-2.0,421293830,,T2,other,convaiinnovations/laya,"tion tags: [laya, system-one, calibrated-decisions, rlcd, classifica",name/base_model references laya
liskasYR/laya,model,9baf31afe1b29b31425fcc2e1c27fcfdeaa70964,2026-09-22T02:10:40.000Z,apache-2.0,421293830,,T2,other,convaiinnovations/laya,"tion tags: [laya, system-one, calibrated-decisions, rlcd, classifica",name/base_model references laya
ColomboAI/C3R-Decision-Laya-421M-v0.1,model,dace0728f929684a61d7fd781b0179b8bee8eea8,2026-09-22T02:19:17.000Z,apache-2.0,,convaiinnovations/laya,T2,other,convaiinnovations/laya,m-one   - decision-making   - calibration   - c3r ---   # C3R Decisi,name/base_model references laya
SAIFIINDUSTRIES/laya,model,2ba530c97c3ef1937eeea6a1282aedd533d10217,2026-09-22T04:08:02.000Z,apache-2.0,421293830,,T2,other,convaiinnovations/laya,"tion tags: [laya, system-one, calibrated-decisions, rlcd, classifica",name/base_model references laya
2045max/laya-custom-model,model,ff010f48278fac41311247684ef9ce72fcf64eb6,2026-09-22T04:32:15.000Z,,421293830,,X,,,none found,empty or missing card
azalio/laya-doom-v3,model,d27276e3bf8275cdbc9a7a72d80cad656aa87bd7,2026-09-22T05:10:05.000Z,apache-2.0,421293830,convaiinnovations/laya,T2,other,convaiinnovations/laya,none found,name/base_model references laya
thaitea/laya-vision-smolvlm-256m-score,model,0d69aa37786bf409f467d2550a7d2dababfe8bc0,2026-09-22T06:24:49.000Z,cc-by-nc-sa-4.0,236562310,HuggingFaceTB/SmolVLM-256M-Instruct,T2,finetune_language,convaiinnovations/laya,language: - en tags: - laya - calibration - decision-model - vision,name/base_model references laya
hxrikp/laya-session-guard-pilot,model,d8f65c3c68162163b7fe0f8c06bc40cd8d12beed,2026-09-22T07:20:37.000Z,apache-2.0,421293830,convaiinnovations/laya,T2,other,convaiinnovations/laya,d every case with its shipped calibration; wrapper error rates are t,name/base_model references laya
peter2000/laya-vulnerability-groups,model,ffe575092a856bc8d9b2a0502aaed578b94dbfa7,2026-09-22T07:58:43.000Z,apache-2.0,421293830,,T2,other,convaiinnovations/laya,roup is asked as one binary (`noul`) typed question; all 17 are,name/base_model references laya
leli14/laya_cpu_onnx,model,c56f3aa683ffa2873e1548f79ae058c5e7f79824,2026-09-22T08:20:14.000Z,apache-2.0,,,T2,format_conversion,convaiinnovations/laya,none found,name/base_model references laya
Layasaran/research_model_v1,model,52d085ab78607b6e7266bc31d1c1405f44b515ca,2026-09-22T09:03:25.000Z,cc-by-nc-3.0,,,X,,,none found,empty or missing card
akmt-dev/laya,model,d66a1bc580fbb40891b659d7e6f0410ae73cc6c8,2026-09-22T09:21:24.000Z,,,,X,,,none found,empty or missing card
10vivo01/laya-ru-tickets,model,090a89f417d035dc83f86c6956efc8fabe0744dc,2026-09-22T09:22:13.000Z,other,321908998,convaiinnovations/laya-multilingual,T2,other,convaiinnovations/laya-multilingual,главное улучшение | | refund (noul) | ~0.70 \* | **0.921** | \*,name/base_model references laya
p-rk/decision-engine-laya-onnx,model,521f99e060d76993e99f8f79154b735a5c2cb824,2026-09-22T09:32:19.000Z,,,,X,,,none found,empty or missing card
TacFlow/laya-multilingual-GGUF,model,985b6f1faaf2d58260813a1a65c9823ae6c64ba0,2026-09-22T09:39:27.000Z,apache-2.0,,,X,,,none found,empty or missing card
Torim98/laya-multilingual-int8,model,edc3c89b21200bd7c9d77a0248bc8cdf48070cd3,2026-09-22T10:46:15.000Z,,,,X,,,none found,empty or missing card
Vaibhavhome30/laya-mlx,model,83daf678dc9dcac49090e07007a99189b948ddca,2026-09-22T11:02:59.000Z,apache-2.0,421293830,convaiinnovations/laya,T2,format_conversion,convaiinnovations/laya,"ordinal `score`, and boolean `noul` questions. All model computa",format_conversion of base_model convaiinnovations/laya (chained by name pattern + base_model field)
piffie/laya-onnx,model,17f6ef44c69f50e861d562305959b575a733120e,2026-09-22T14:04:06.000Z,apache-2.0,,convaiinnovations/laya,T2,format_conversion,convaiinnovations/laya,rnbert   - decision-model   - calibration   - snapdragon   - npu   -,format_conversion of base_model convaiinnovations/laya (chained by name pattern + base_model field)
ddoice/laya-browser-onnx,model,df8b54b6f9338fe9cb4b8307ceac9bfe926273f0,2026-09-22T14:27:26.000Z,apache-2.0,,,X,,,none found,empty or missing card
vtava/Laya-Integrated-Memory-V22,model,eeeebd50739750d19e76356e9ffe80cc3eb5130c,2026-09-22T14:46:55.000Z,,,,T2,other,convaiinnovations/laya,none found,name/base_model references laya
piratehack009/laya-cn-retail-sentiment,model,8d38dc4821c72b098bdd068da63d35816fe5a839,2026-09-22T15:19:54.000Z,,321908998,,X,,,none found,empty or missing card
InfinimindCreations/laya-news-decisions,model,6543301f042fa495856de77a11c5ecb82f400114,2026-09-22T18:35:25.000Z,apache-2.0,321908998,convaiinnovations/laya,T2,other,convaiinnovations/laya,tions about a news article in one forward pass:  | key | type | question | |,name/base_model references laya
yehor-oleksiuk/laya-multilingual-onnx,model,4603ff7b55790fa1226809207465f7b26bbaae66,2026-09-22T18:53:08.000Z,apache-2.0,,convaiinnovations/laya-multilingual,T2,format_conversion,convaiinnovations/laya-multilingual,"el, system-one, multilingual, calibration] ---  # Laya Multilingual",format_conversion of base_model convaiinnovations/laya-multilingual (chained by name pattern + base_model field)
yehor-oleksiuk/laya-english-onnx,model,205cf0bf1e2ef287bd2480811290c4d3cfc2d421,2026-09-22T18:54:23.000Z,apache-2.0,,convaiinnovations/laya,T2,format_conversion,convaiinnovations/laya,"n-model, system-one, english, calibration] ---  # Laya English — ONN",format_conversion of base_model convaiinnovations/laya (chained by name pattern + base_model field)
FluidInference/laya-english-coreml,model,78c0b0e5054eb5804c72080016227d4f3b0bd08d,2026-09-22T20:41:03.000Z,apache-2.0,,convaiinnovations/laya,T2,format_conversion,convaiinnovations/laya,"l with trained choice, score, noul and action heads. This is sep",format_conversion of base_model convaiinnovations/laya (chained by name pattern + base_model field)
madhavbiplov/laya-snake-mlx,model,03301d0ff1fa89579b613fa9962efaa378b763a1,2026-09-22T20:59:42.000Z,apache-2.0,321908998,aac6fef/laya-multilingual-mlx,T2,format_conversion,aac6fef/laya-multilingual-mlx,"com/NandhaKishorM/laya) typed-decision model, fine-tuned with [LayaStudio]",format_conversion of base_model aac6fef/laya-multilingual-mlx (chained by name pattern + base_model field)
VishalMysore/layaForWebTrained,model,dd0c52a2b563bea25279e2689689061dd0a1c382,2026-09-22T21:02:03.000Z,apache-2.0,,convaiinnovations/laya-typed-decisions,T2,format_conversion,convaiinnovations/laya-typed-decisions,none found,format_conversion of base_model convaiinnovations/laya-typed-decisions (chained by name pattern + base_model field)
thaitea/laya-vision-smolvlm2-256m-split1024,model,69fba14ebf8f13aed9b35db48c6404badc3fed91,2026-09-22T22:03:59.000Z,cc-by-nc-4.0,236562310,HuggingFaceTB/SmolVLM2-256M-Video-Instruct,T2,finetune_language,convaiinnovations/laya,language: - en tags: - laya - calibration - decision-model - vision,name/base_model references laya
chaoliangUNSW/MacJev-322M-4K-Laya-MLX,model,f2ab36ef98d81e9fc65949e4df35cebc93f21e14,2026-09-23T00:46:20.000Z,apache-2.0,321908998,chaoliangUNSW/MacJev-322M-4K-Laya,T2,format_conversion,chaoliangUNSW/MacJev-322M-4K-Laya,"e.com/#macjev) — all JevStyle decision models, benchmarks and quickstart i",format_conversion of base_model chaoliangUNSW/MacJev-322M-4K-Laya (chained by name pattern + base_model field)
ti3x-m/laya-onnx,model,5c7a29273cf287b52bf6fffd8155fe8c43cc925e,2026-09-23T00:49:57.000Z,apache-2.0,,convaiinnovations/laya,T2,format_conversion,convaiinnovations/laya,"argmax agreement 100.0%, max calibrated probability error 0.010016,",format_conversion of base_model convaiinnovations/laya (chained by name pattern + base_model field)
ti3x-m/laya-multilingual-onnx,model,ab6836981ce0ea5937e605fb76ddac8960bd1e21,2026-09-23T00:50:35.000Z,apache-2.0,,convaiinnovations/laya-multilingual,T2,format_conversion,convaiinnovations/laya-multilingual,"argmax agreement 100.0%, max calibrated probability error 0.019774,",format_conversion of base_model convaiinnovations/laya-multilingual (chained by name pattern + base_model field)
chaoliangUNSW/MacJev-322M-4K-Laya-GGUF,model,7b0982709e588084b78cff59e038b95271434e4d,2026-09-23T01:02:04.000Z,apache-2.0,,chaoliangUNSW/MacJev-322M-4K-Laya,T2,format_conversion,chaoliangUNSW/MacJev-322M-4K-Laya,"e.com/#macjev) — all JevStyle decision models, benchmarks and quickstart i",format_conversion of base_model chaoliangUNSW/MacJev-322M-4K-Laya (chained by name pattern + base_model field)
rayss868123/laya,model,835c76eb49a7e91ba9d9378524eacc28a1dd347b,2026-09-23T01:38:33.000Z,apache-2.0,421293830,,T2,other,convaiinnovations/laya,"tion tags: [laya, system-one, calibrated-decisions, rlcd, classifica",name/base_model references laya
rayss868123/laya-multilingual,model,c2e7b65878b3cc2ee4ac54321ded62edf56f6473,2026-09-23T01:38:36.000Z,apache-2.0,321908998,,T2,finetune_domain,convaiinnovations/laya,"ilingual, mmbert, system-one, calibrated-decisions, rlcd, classifica",name/base_model references laya
Quantum08/laya-browser-mind2web,model,de7369e52665b53cf27bf17332d737090a0ae3da,2026-09-23T03:04:29.000Z,apache-2.0,421293830,convaiinnovations/laya,T2,other,convaiinnovations/laya,"M, ModernBERT-large encoder + typed decision heads) checkpoint fine-tuned",name/base_model references laya
tsukihime-exe/tsukiai-laya,model,c67c8fb358f7d096ff342713bcd270ab0769312d,2026-09-23T03:10:47.000Z,apache-2.0,,,T2,other,convaiinnovations/laya,", device=""cuda"")    # Predict typed decision  decision = model.predict(""[R",name/base_model references laya
thaitea/laya-vision-web,model,8de20c56a8a68a273ce79dc891544e9a823f2b67,2026-09-23T04:18:55.000Z,,,,X,,,none found,empty or missing card
mazenDDr/laya-crisis-triage,model,cfa0d6bfd9bae3672bda05feedca12426a4b8ec4,2026-09-23T04:32:29.000Z,cc-by-nc-sa-4.0,321908998,convaiinnovations/laya,T2,other,convaiinnovations/laya,"anitarian, disaster-response, calibration, multilingual] datasets:",name/base_model references laya
yunfengwang/laya-MNN-fp16,model,fe3f08ab29bb100f5f78bc7ea7901898a5aaea48,2026-09-23T05:00:32.000Z,apache-2.0,,,T2,format_conversion,convaiinnovations/laya,", system-one, decision-model, calibrated-decisions, edge-inference,",name/base_model references laya
yunfengwang/laya-MNN-int8,model,ef405ee7a4f3fc5139274617f0913b42a673a52a,2026-09-23T05:03:08.000Z,apache-2.0,,,T2,format_conversion,convaiinnovations/laya,", system-one, decision-model, calibrated-decisions, edge-inference,",name/base_model references laya
wuyouxiaobai/laya,model,a93f3c6d6417a67f7bfc8f5be110c4fc8fe32b75,2026-09-23T07:25:29.000Z,apache-2.0,421293830,,T2,other,convaiinnovations/laya,"tion tags: [laya, system-one, calibrated-decisions, rlcd, classifica",name/base_model references laya
uzuw/laya-cli-gate,model,9dacdf4f964b5f707e5424034c36182a63c499c3,2026-09-23T07:58:13.000Z,apache-2.0,421293830,,T2,other,convaiinnovations/laya,"ell""}},     ""safe"": {""type"": ""noul"", ""instructions"": ""Is this co",name/base_model references laya
2nugu/laya-ko,model,386561111d95a85f6025882337a3cfd9e54c03ef,2026-09-23T08:02:22.000Z,apache-2.0,321908998,convaiinnovations/laya,T2,format_conversion,convaiinnovations/laya,cision-model  - system-one  - calibrated-decisions  - korean  - klue,format_conversion of base_model convaiinnovations/laya (chained by name pattern + base_model field)
Sharjeelbaig/laya-multilingual-onnx,model,fee2307e586ce4c991227b1428440d1753bbee93,2026-09-23T08:54:48.000Z,apache-2.0,,convaiinnovations/laya-multilingual,T2,format_conversion,convaiinnovations/laya-multilingual,"), retaining its custom typed-decision head. It routes and classifies a s",format_conversion of base_model convaiinnovations/laya-multilingual (chained by name pattern + base_model field)
gdelatournelle/laya-onnx,model,49b92fb035928eb0bf6c54725a1d48767fb4a540,2026-09-23T09:03:42.000Z,apache-2.0,,convaiinnovations/laya,T2,format_conversion,convaiinnovations/laya,model   - typed-decisions   - calibration   - cpu   - intel   - laya,format_conversion of base_model convaiinnovations/laya (chained by name pattern + base_model field)
Sharjeelbaig/laya-multilingual-onnx-int8,model,568737f5e9dfbf7e8719b6b1d52944d7942d5e10,2026-09-23T09:07:33.000Z,apache-2.0,,convaiinnovations/laya-multilingual,T2,format_conversion,convaiinnovations/laya-multilingual,none found,format_conversion of base_model convaiinnovations/laya-multilingual (chained by name pattern + base_model field)
abedinia/laya-web-agent,model,b962b13ae9f1f36819f5be21c8c4328409d825dd,2026-09-23T09:42:45.000Z,apache-2.0,321908998,convaiinnovations/laya,T2,other,convaiinnovations/laya,none found,name/base_model references laya
TalalML123/laya-multimodal-best-all-tasks,model,8e36b7039f49715370a43feb92dba506e191baa2,2026-09-23T09:52:44.000Z,apache-2.0,,,T2,other,convaiinnovations/laya,tasks checkpoint  Joint typed-decision model (`noul` + `score` + `choice`),name/base_model references laya
leehack/laya-tetris-head,model,465546a595ee2e8e3b212b8cb16829205d5dfab6,2026-09-23T10:02:57.000Z,apache-2.0,,convaiinnovations/laya,T2,other,convaiinnovations/laya,rs ---  # Laya Tetris head  A decision head for [Laya](https://huggingfac,name/base_model references laya
mlboydaisuke/Laya-Multilingual-CoreAI,model,3fe58a5ed7857b41f5c7ba8c0f46ce420b42cf02,2026-09-23T10:28:33.000Z,apache-2.0,,convaiinnovations/laya,T2,format_conversion,convaiinnovations/laya,e   - modernbert   - laya   - calibrated-decisions   - text-classifi,format_conversion of base_model convaiinnovations/laya (chained by name pattern + base_model field)
ricky136/laya-chat,model,4f8180a7ae6118c19dfb1e00b4cb6a1d9b80c789,2026-09-23T11:39:09.000Z,apache-2.0,321908998,convaiinnovations/laya,T2,other,convaiinnovations/laya,none found,name/base_model references laya
WilburDev/pigai-laya-intent,model,0b25dd5c6f876aca348804d66b9a310ff47be252,2026-09-23T11:45:29.000Z,,,,X,,,none found,empty or missing card
codenamev/laya-onnx,model,1bc2622b5a4e4ceb46aadf709d7a360eb7d3d1f4,2026-09-23T11:49:00.000Z,apache-2.0,,convaiinnovations/laya,T2,format_conversion,convaiinnovations/laya,"ags: [laya, onnx, system-one, calibrated-decisions, ruby, decision-m",format_conversion of base_model convaiinnovations/laya (chained by name pattern + base_model field)
sahilchachra/Laya-English-MXFP4,model,8aa0c4846d2afded56b4a3fdbc39bc03aaa5754c,2026-09-23T12:11:33.000Z,,394781696,convaiinnovations/laya,T2,format_conversion,convaiinnovations/laya,) plus a small **from-scratch decision head** (a 2-layer `torch.nn.Transf,format_conversion of base_model convaiinnovations/laya (chained by name pattern + base_model field)
sahilchachra/Laya-English-MXFP8,model,eece668db8935868d49213e38d5d45ae4fc5bdf8,2026-09-23T12:11:56.000Z,,394781696,convaiinnovations/laya,T2,format_conversion,convaiinnovations/laya,) plus a small **from-scratch decision head** (a 2-layer `torch.nn.Transf,format_conversion of base_model convaiinnovations/laya (chained by name pattern + base_model field)
sahilchachra/Laya-Multilingual-MXFP4,model,4ef702d99243827be5741c77287a737be28d9164,2026-09-23T12:12:32.000Z,,306939648,convaiinnovations/laya,T2,format_conversion,convaiinnovations/laya,) plus a small **from-scratch decision head** (a 2-layer `torch.nn.Transf,format_conversion of base_model convaiinnovations/laya (chained by name pattern + base_model field)
OwaisAli10/laya-snake,model,21057b19696fb3e27c4f4c644e6cb872ed866486,2026-09-23T14:44:01.000Z,apache-2.0,321908998,convaiinnovations/laya,T2,other,convaiinnovations/laya,"xpected log score (a strictly proper scoring rule), full fine-tune, 2 epoc",name/base_model references laya
featherless-ai/laya-plus-classifier,model,d4c9aeee6547559b20625c76b4740e71d5a16775,2026-09-23T14:48:44.000Z,,592895750,,X,,,none found,empty or missing card
dnagpt/laya-bio-models,model,6d727dd4125d783ab719a35c6b55dd7a69276a8d,2026-09-23T15:45:30.000Z,other,,convaiinnovations/laya-typed-decisions,T2,other,convaiinnovations/laya-typed-decisions,"x.json` lists paths, SHA-256, calibrated temperatures and tensor met",name/base_model references laya
AhmetSemih/laya-turkish-mmlu,model,20285ce35e97b08fe4d9e6a2192a60487f7740b8,2026-09-23T16:16:18.000Z,apache-2.0,321908998,convaiinnovations/laya,T2,finetune_language,convaiinnovations/laya,none found,name/base_model references laya
ksanjiv05/laya-for-rn-executorch,model,3d1ccd9238d48f97df2ed949f0ab64792169a4a3,2026-09-23T16:26:35.000Z,apache-2.0,,convaiinnovations/laya,T2,format_conversion,convaiinnovations/laya,"encoder + Laya's from-scratch decision head), ready to run **on-device**",format_conversion of base_model convaiinnovations/laya (chained by name pattern + base_model field)
Jojoarumugam/laya-agentguard,model,e255b93865605420bc7bd7efacadadf572e6d01e,2026-09-23T18:59:33.000Z,apache-2.0,421293830,convaiinnovations/laya,T2,other,convaiinnovations/laya,"reading it?  It was trained, calibrated and evaluated with [laya-fo",name/base_model references laya
Infin8-AI/laya,model,e9012d95a9af8ff33cddf5745ab6003a4b5b2557,2026-09-23T19:55:03.000Z,apache-2.0,421293830,,T2,other,convaiinnovations/laya,"tion tags: [laya, system-one, calibrated-decisions, rlcd, classifica",name/base_model references laya
vtava/Laya-MemoryFusion-V3,model,92d12e7651262454bae2deb75dd8916a16488c54,2026-09-23T20:32:36.000Z,,,,T2,other,convaiinnovations/laya,none found,name/base_model references laya
vdaular/laya,model,c7b09e9790b9b52efcf1f4599fccd56bfedc7156,2026-09-23T23:05:25.000Z,apache-2.0,421293830,,T2,other,convaiinnovations/laya,"tion tags: [laya, system-one, calibrated-decisions, rlcd, classifica",name/base_model references laya
Qalarc/Laya-GUT-Finetune,model,2464dcd23ae207fcad21ab1051db6ff743af4d09,2026-09-24T04:09:29.000Z,cc-by-nc-4.0,421293830,convaiinnovations/laya,T2,other,convaiinnovations/laya,", instinctive judgment layer (System 1) that acts before slow reason",name/base_model references laya
sothiem/laya-kvp10k-noul,model,f6feb7b2b078e3a66a472a74c3d4f372868964f6,2026-09-24T04:24:52.000Z,apache-2.0,421293830,convaiinnovations/laya,T2,other,convaiinnovations/laya,ned - binary-classification - calibrated-probabilities ---  # Laya K,name/base_model references laya
Omarmahmoud83/laya_compliance,model,194e82f098df324ae6aec83d3ad6c331c9de599e,2026-09-24T04:29:26.000Z,,421293830,,X,,,none found,empty or missing card
thaitea/laya-vision-201m,model,0b6228f7a0762566de1c4539e9aa4eb1c1aef5f4,2026-09-24T05:35:05.000Z,cc-by-nc-sa-4.0,201161350,HuggingFaceTB/SmolVLM-256M-Instruct,T2,finetune_language,convaiinnovations/laya,language: - en tags: - laya - calibration - decision-model - vision,name/base_model references laya
Omarmahmoud83/laya_type_decision,model,84bc704cfc54b7454f478c64ee5fc15976abe60f,2026-09-24T06:47:22.000Z,,421293830,,X,,,none found,empty or missing card
Ladorure/Laya_llamafile_0.3.20,model,ce55c33c55f9fb6a8b225b5cc6aa3039d44a570f,2026-09-24T07:36:28.000Z,apache-2.0,,,X,,,none found,empty or missing card
Terom/laya,model,ea577a6c2f80515aa476fd9f98eb01a741cc760e,2026-09-24T08:03:44.000Z,apache-2.0,421293830,,T2,other,convaiinnovations/laya,"tion tags: [laya, system-one, calibrated-decisions, rlcd, classifica",name/base_model references laya
nafiullah/laya-multilingual-bn-ecom-voice,model,31ee550a47c74b49c0e22e2df0e60998afd7b661,2026-09-24T09:04:03.000Z,cc-by-nc-sa-4.0,321908998,convaiinnovations/laya-multilingual,T2,format_conversion,convaiinnovations/laya-multilingual,T encoder) that makes three **typed decisions** for a Bangla-speaking e-co,format_conversion of base_model convaiinnovations/laya-multilingual (chained by name pattern + base_model field)
wuyuanpei/laya-browser,model,fe887eb4647e305f0353040a8cba56940730e674,2026-09-24T09:47:58.000Z,apache-2.0,,convaiinnovations/laya,T2,other,convaiinnovations/laya,fine-tuned as a browser-agent decision head (drop-in replacement for Type,name/base_model references laya
ollaya-dev/laya,model,d7629d5cc8cf7cbde86366bb6c9aacc9c28bf8c0,2026-09-24T10:02:02.000Z,apache-2.0,,convaiinnovations/laya,T2,format_conversion,convaiinnovations/laya,"Innovations. Ollaya runs open decision models locally, the way Ollama runs",format_conversion of base_model convaiinnovations/laya (chained by name pattern + base_model field)
servronix/laya-thai-trainset,model,31d31c683b59e122b5b7f334810e6f367735893d,2026-09-24T11:52:56.000Z,,,,X,,,none found,empty or missing card
androidli/laya-multilingual-onnx-int4,model,ad024da1cc6abb5fed4dbdd60352387bec78a5c5,2026-09-24T12:52:27.000Z,apache-2.0,,convaiinnovations/laya,T2,format_conversion,convaiinnovations/laya,"ase 22L×768 encoder + 2-layer decision head, vocab 256k), produced with O",format_conversion of base_model convaiinnovations/laya (chained by name pattern + base_model field)
abhijithsoman27/laya-recruiting-email-classifier,model,6500c0ce3d33342c2feda61b558f2578705b9f42,2026-09-24T13:36:21.000Z,,421293830,,X,,,none found,empty or missing card
Adkid/laya-cn-a,model,178eb2c054e2fb7064a05f17447989309bbe79a8,2026-09-24T13:45:02.000Z,apache-2.0,321908998,convaiinnovations/laya,T2,finetune_language,convaiinnovations/laya,"ns)` provides choice, binary `noul`, and ordered score probabili",name/base_model references laya
onnx-community/kev-0.6b-ONNX,model,5a827091b3d58fe4fdfc02a5a5b2ce364047d678,2026-09-20T19:01:17.000Z,apache-2.0,,Qwen/Qwen3-0.6B-Base,T2,format_conversion,Qwen/Qwen3-0.6B-Base,"""].map((t) => enc(t)[0]);  // TypeSafe request: choice = criteria ob",format_conversion of base_model Qwen/Qwen3-0.6B-Base (chained by name pattern + base_model field)
kevinevans/intern-matching92,model,bcc64ba97d531efa6adb44dd7bfedc04610359ef,2026-09-16T03:54:39.000Z,apache-2.0,33088,,X,,,none found,no decision-contract evidence found in card
aaroncool9/kev-0.5b,model,058cf64555b13854a5a1b5e95c32d30226829f1a,2026-09-19T09:08:27.000Z,apache-2.0,,Qwen/Qwen2.5-0.5B,T2,other,jaredpalmer/kev-0.5b,tags:   - decision-model   - calibration   - lora   - multiple-choi,name/base_model references kev-0.5b
kevinisaac1999/mi-clase,model,d98c6f63fe98c3c84cb81f1e04fe28803c90b9ff,2026-09-20T17:55:44.000Z,,,,X,,,none found,empty or missing card
onnx-community/kev-4b-ONNX,model,195bdf73096df2bca7150223c9279af7893163c4,2026-09-20T19:05:19.000Z,apache-2.0,,Qwen/Qwen3-4B-Base,T2,format_conversion,Qwen/Qwen3-4B-Base,"""].map((t) => enc(t)[0]);  // TypeSafe request: choice = criteria ob",format_conversion of base_model Qwen/Qwen3-4B-Base (chained by name pattern + base_model field)
danielamitay/kev-0.5b-fp32-swev,model,7d8cfdd71145dd76ff62e314e76c1d6b6992da6e,2026-09-21T00:54:10.000Z,apache-2.0,,jaredpalmer/kev-0.5b,T2,format_conversion,jaredpalmer/kev-0.5b,"v), a Swift package for local typed decisions. Returns choices, ordinal sc",format_conversion of base_model jaredpalmer/kev-0.5b (chained by name pattern + base_model field)
danielamitay/kev-0.6b-fp32-swev,model,7e43873c668331f8b8c9ed7ddd46be6f3175dfdb,2026-09-21T01:00:25.000Z,apache-2.0,,jaredpalmer/kev-0.6b,T2,format_conversion,jaredpalmer/kev-0.6b,"v), a Swift package for local typed decisions. Returns choices, ordinal sc",format_conversion of base_model jaredpalmer/kev-0.6b (chained by name pattern + base_model field)
danielamitay/kev-4b-fp32-swev,model,faf42f1a8aade867fb9d5d903ee5cc5b53a9082b,2026-09-21T01:07:53.000Z,apache-2.0,,jaredpalmer/kev-4b,T2,format_conversion,jaredpalmer/kev-4b,"v), a Swift package for local typed decisions. Returns choices, ordinal sc",format_conversion of base_model jaredpalmer/kev-4b (chained by name pattern + base_model field)
kevin-surya04/Jadicek,model,2362e4fc38d46cbfd61916a68d2c7d51efeaeb33,2026-09-21T06:09:35.000Z,,,,X,,,none found,empty or missing card
kevin-surya04/jadicek-model,model,bf018f379a68f4018017a6d8b59e5cb65dfcf0d9,2026-09-21T06:27:02.000Z,mit,,,X,,,none found,no decision-contract evidence found in card
kevin957/sn111,model,b51a1b5946ead4b4829162f0315c385700d8d248,2026-09-21T11:11:51.000Z,,,,X,,,none found,empty or missing card
ai-ecoverse/kev.js,model,74e6ccbc79201da4beb63385802fa3e6bcc92914,2026-09-21T11:28:09.000Z,apache-2.0,,Qwen/Qwen3.5-0.8B-Base,T2,format_conversion,Qwen/Qwen3.5-0.8B-Base,"ared Palmer's family of small decision models. They answer yes/no, multipl",format_conversion of base_model Qwen/Qwen3.5-0.8B-Base (chained by name pattern + base_model field)
Vvelarm/kev-0.5b-browser,model,de846eaf6d9e9a65aecdabf124a603d975fd55e3,2026-09-21T17:23:35.000Z,,,,X,,,none found,empty or missing card
rcmorano/kev-0.5b-onnx,model,d653ee5ad73a1883929d8086dbb703630b473b95,2026-09-21T20:45:40.000Z,apache-2.0,,Qwen/Qwen2.5-0.5B,T2,format_conversion,Qwen/Qwen2.5-0.5B,0.5b-web — browser-compatible decision model  The [kev](https://huggingfac,format_conversion of base_model Qwen/Qwen2.5-0.5B (chained by name pattern + base_model field)
marcmagn1/kev-08b-typed-v1,model,ad7a66f76162558e84f860ffea158f5ccf7aefa0,2026-09-21T21:22:45.000Z,,,,T1,,,# kev-08b-typed-v1 — open System One decision model (typed-questio,"own decision head/recipe evidence in card (LoRA/head/calibration trained), no lineage to a known T1 base_model"
kevineen/ppo-LunarLander-v3,model,6205f9a4f837f668fedc9ed075e0340434f307f0,2026-09-22T01:27:42.000Z,,,,X,,,none found,no decision-contract evidence found in card
bvolpato/kevala-packs,model,c70e9136938026e00cbbdec9db027d862963f180,2026-09-22T02:52:36.000Z,apache-2.0,,convaiinnovations/laya,T2,quantization,convaiinnovations/laya,"/bvolpato/kevala), which runs decision models in the browser on WebGPU or",quantization of base_model convaiinnovations/laya (chained by name pattern + base_model field)
misukisu/kev-0.5b-multitask,model,040b1733363384d5b57b556b63bbebb8789c1eca,2026-09-22T04:16:57.000Z,,,,X,,,none found,empty or missing card
Kevinjnugroho/contrastive-experiments,model,9976c4723a780e15641f8ea820fef64ce284b9d1,2026-09-22T04:20:00.000Z,apache-2.0,24832,,X,,,none found,no decision-contract evidence found in card
misukisu/kev-0.5b-multitask-finnish-GGUF,model,0f0c1a0db96cd03c214aa5ffa38b2eaf53d0b2a9,2026-09-22T04:20:19.000Z,,,,X,,,none found,empty or missing card
taigrr/kev-4b-gguf,model,ca049060d97ce3637275145081655b73828434fe,2026-09-22T05:38:26.000Z,apache-2.0,,Qwen/Qwen3.5-4B-Base,T2,format_conversion,Qwen/Qwen3.5-4B-Base,none found,format_conversion of base_model Qwen/Qwen3.5-4B-Base (chained by name pattern + base_model field)
taigrr/kev-9b-gguf,model,7e59e77a453d2538295c7927db08ad797480224b,2026-09-22T05:40:12.000Z,apache-2.0,,Qwen/Qwen3.5-9B-Base,T2,format_conversion,Qwen/Qwen3.5-9B-Base,none found,format_conversion of base_model Qwen/Qwen3.5-9B-Base (chained by name pattern + base_model field)
mys/kev-0.5b-GGUF,model,391cb67aa5e689e0095e73727e9986fbfcb1ac67,2026-09-22T06:27:11.000Z,apache-2.0,,jaredpalmer/kev-0.5b,T2,format_conversion,jaredpalmer/kev-0.5b,.5B GGUF (ggmlc)    **English System 1 decision model** compiled fro,format_conversion of base_model jaredpalmer/kev-0.5b (chained by name pattern + base_model field)
mys/kev-0.8b-GGUF,model,802386c0ea4f0ea3e559978a245c1ceecab2002a,2026-09-22T06:41:27.000Z,apache-2.0,,jaredpalmer/kev-0.8b,T2,format_conversion,jaredpalmer/kev-0.8b,.8B GGUF (ggmlc)    **English System 1 decision model** compiled fro,format_conversion of base_model jaredpalmer/kev-0.8b (chained by name pattern + base_model field)
marcmagn1/kev-4b-typed-v1,model,d4653225287e8600d8baeeef83579cf922fb54eb,2026-09-22T10:57:39.000Z,,,,T2,other,jaredpalmer/kev-4b,# kev-4b-typed-v1 — open System One decision model (typed-questio,name/base_model references kev-4b
marcmagn1/kev-08b-typed-v1-blend,model,00cda0cb8cabe3344c931e91d1aefc1abb48a26d,2026-09-22T11:37:33.000Z,,,Qwen/Qwen3.5-0.8B-Base,X,,,none found,no decision-contract evidence found in card
KevinJEBNUTY/oliwia,model,f46dd69afb9473016b196326715efedcae844571,2026-09-22T14:38:56.000Z,,,,X,,,none found,empty or missing card
Vvelarm/kev-4b-browser,model,0eca4d82d8d67482f14ca553c989241f5988c31d,2026-09-22T16:47:04.000Z,,,,X,,,none found,empty or missing card
KevinJEBNUTY/olivia,model,84efc8bca984eaae95845ff488a1deb80e7c9d40,2026-09-22T17:07:37.000Z,,,,X,,,none found,empty or missing card
KevinJEBNUTY/oliwiafinallora,model,25a0dc2ded9d5626936862d74227c95bfc27143b,2026-09-22T17:08:42.000Z,,,,X,,,none found,empty or missing card
arbazsiddiqui/kev-0.6b-browser-use,model,08414b0001f6eba32bc69372abfeac5b74718ac0,2026-09-22T18:16:47.000Z,apache-2.0,,jaredpalmer/kev-0.6b,T2,other,jaredpalmer/kev-0.6b,"-|---|---|---|---|---| | Jev (TypeSafe, hosted API) | closed | 43.5",name/base_model references kev-0.6b
FluidInference/kev-0-5b-coreml,model,06b6bad2c1209d96d1f87600ccfcaee01959a788,2026-09-22T20:18:58.000Z,apache-2.0,,,T1,,,uest.json` must contain a Kev System One `state` and one question unde,"own decision head/recipe evidence in card (LoRA/head/calibration trained), no lineage to a known T1 base_model"
FluidInference/kev-0.6b-coreml,model,f2a24a115626e2be75f0a8816448ff0f34520c16,2026-09-22T20:32:24.000Z,apache-2.0,,jaredpalmer/kev-0.6b,T2,format_conversion,jaredpalmer/kev-0.6b,me returns the upstream typed System One answer. `source/verify.py` is,format_conversion of base_model jaredpalmer/kev-0.6b (chained by name pattern + base_model field)
arbazsiddiqui/kev-0.6b-browser-use-ONNX,model,e5a27a360cc42c8bebce3bfd62a8c15edf48c324,2026-09-22T21:43:10.000Z,apache-2.0,,arbazsiddiqui/kev-0.6b-browser-use,T2,format_conversion,arbazsiddiqui/kev-0.6b-browser-use,none found,format_conversion of base_model arbazsiddiqui/kev-0.6b-browser-use (chained by name pattern + base_model field)
KevinPurnomo/beit-generation-2023,model,6a8f791976e778674cc1caf4d2658d1e6a8ba550,2026-09-23T01:40:54.000Z,bsd-3-clause,33088,,X,,,none found,no decision-contract evidence found in card
aflowx/quire-lora-kev-4b,model,41a1c22f3ec2afe948cd33f23b3d16bda00c05c1,2026-09-23T03:51:55.000Z,apache-2.0,,Qwen/Qwen3.5-4B,T2,other,jaredpalmer/kev-4b,"m/aflowx/quire), a system for typed decisions read from a frozen language",name/base_model references kev-4b
luispoveda93/minicpm4-pcap-kev-v1,model,561a96b31c3c54b7be966af6a7647135fd28141e,2026-09-23T04:55:20.000Z,,,,X,,,"the **v1** of the pcap-triage decision model, now renamed to the **sharky*",decision-contract language present but no own-training evidence found by rule; needs manual read
DreamBlooms/kev-0.8b-GGUF,model,4f3367e227569b4be717a0ca4aa30739efcaa575,2026-09-23T09:36:02.000Z,apache-2.0,,jaredpalmer/kev-0.8b,T2,format_conversion,jaredpalmer/kev-0.8b,tags:   - decision-model   - calibration   - lora   - multiple-choi,format_conversion of base_model jaredpalmer/kev-0.8b (chained by name pattern + base_model field)
DreamBlooms/kev-4b-GGUF,model,4b2f6805526f79ca30aaa0ff4f2bd1db15b4741d,2026-09-23T10:20:21.000Z,apache-2.0,,jaredpalmer/kev-4b,T2,format_conversion,jaredpalmer/kev-4b,tags:   - decision-model   - calibration   - lora   - multiple-choi,format_conversion of base_model jaredpalmer/kev-4b (chained by name pattern + base_model field)
espetro/kev-0.8b-mistralrs,model,93ef62364726863312d38effaed09b57d8229ca5,2026-09-23T13:08:06.000Z,apache-2.0,,Qwen/Qwen3.5-0.8B-Base,T2,other,jaredpalmer/kev-0.8b,none found,name/base_model references kev-0.8b
espetro/kev-4b-mistralrs,model,1c77d6ee3d96e7ed15d0ad71b152e900a36b7e8f,2026-09-23T13:09:23.000Z,apache-2.0,,Qwen/Qwen3.5-4B-Base,T2,other,jaredpalmer/kev-4b,none found,name/base_model references kev-4b
JohnP1/kev-gemma4-e2b,model,2836114d5381c56cd331def372e177787dd16ca5,2026-09-23T16:18:53.000Z,apache-2.0,,google/gemma-4-E2B,T1,,,tags:   - decision-model   - calibration   - lora   - multiple-choi,"own decision head/recipe evidence in card (LoRA/head/calibration trained), no lineage to a known T1 base_model"
luispoveda93/minicpm4-pcap-kev-v2,model,897191bca1855e4e2a116f31564c344972d00cfd,2026-09-23T16:52:12.000Z,,,,X,,,none found,no decision-contract evidence found in card
espetro/kev-9b-mistralrs,model,2e578c5b4b7ae4085df91cb88f13c5155a524d79,2026-09-23T22:25:47.000Z,apache-2.0,,Qwen/Qwen3.5-9B-Base,T2,other,jaredpalmer/kev-9b,none found,name/base_model references kev-9b
espetro/kev-0.8b-gguf,model,0fb7f5b2a1e49a500be5c8b19aff505cb1a8a542,2026-09-23T22:27:02.000Z,apache-2.0,,,T2,format_conversion,jaredpalmer/kev-0.8b,"_0)  Kev-0.8B is a Jev-style ""System One"" decision model: a Qwen3.5-0.",name/base_model references kev-0.8b
espetro/kev-4b-gguf,model,7952213cc7e6d516aabd8eba39140f37fc354b7d,2026-09-23T22:27:17.000Z,apache-2.0,,,T2,format_conversion,jaredpalmer/kev-4b,"_0)  Kev-0.8B is a Jev-style ""System One"" decision model: a Qwen3.5-4B",name/base_model references kev-4b
espetro/kev-9b-gguf,model,d21f5133eecdef816c79bf4e3f666d059a7c1b9b,2026-09-23T22:27:42.000Z,apache-2.0,,,T2,format_conversion,jaredpalmer/kev-9b,"_0)  Kev-0.8B is a Jev-style ""System One"" decision model: a Qwen3.5-9B",name/base_model references kev-9b
RoderickQiu/kev-4b-mlx-8bit,model,f56017669221a6baab2b380c0b0c06ef826d0897,2026-09-23T22:56:13.000Z,apache-2.0,4205751296,jaredpalmer/kev-4b,T2,format_conversion,jaredpalmer/kev-4b,".pt` | Kev's pointer head and calibration (temperature), unchanged f",format_conversion of base_model jaredpalmer/kev-4b (chained by name pattern + base_model field)
kevinhillie/tmp-zero-shot-transfer,model,444b9fca83c2e020f6a946c38a0b8ca0c5f55d69,2026-09-24T02:01:53.000Z,mit,16576,,X,,,none found,no decision-contract evidence found in card
ayushcluster00/kev-minicpm5-2b,model,b5afdc29e9150e8fa7c1196b8225c03f36b1b68a,2026-09-24T05:30:35.000Z,apache-2.0,,,X,,,none found,empty or missing card
Terom/kev-0.5b,model,f1d0340ea405b971365054a5a709b4accde6ece5,2026-09-24T08:03:57.000Z,apache-2.0,,Qwen/Qwen2.5-0.5B,T2,other,jaredpalmer/kev-0.5b,tags:   - decision-model   - calibration   - lora   - multiple-choi,name/base_model references kev-0.5b
AIMultiple/kev-9b-browser-ft,model,8a3162f0759c258f2a3166fe48e325d4a8ef686e,2026-09-24T10:41:52.000Z,apache-2.0,,jaredpalmer/kev-9b,T2,other,jaredpalmer/kev-9b,wser-agent decisions for the [decision models benchmark](https://aimultipl,name/base_model references kev-9b
CongenitalAndya/nimble-9b-4bit,model,eab0b465134742c6b87b45edbde2877479d91eea,2026-09-24T02:40:27.000Z,apache-2.0,,,X,,,none found,empty or missing card
TokenRhythm/NeoHorse-Jev-4B-GGUF,model,b1bc36970f69cef2bfea75aec8f820fd3d20b040,2026-09-24T06:38:06.000Z,apache-2.0,,TokenRhythm/NeoHorse-Jev-4B,T2,format_conversion,TokenRhythm/NeoHorse-Jev-4B,"se-Jev-4B), a **4B structured decision model** from TokenRhythm, built on",format_conversion of base_model TokenRhythm/NeoHorse-Jev-4B (chained by name pattern + base_model field)
lokinfey/Qwen3_5_0.8B_jev,model,19409b2d7d18b46a7c22598aa3ac934f493f77d0,2026-09-23T07:50:15.000Z,apache-2.0,,Qwen/Qwen3.5-0.8B,T2,format_conversion,Qwen/Qwen3.5-0.8B,decisions ---  # Qwen3.5-0.8B Typed Decisions - ONNX Runtime GenAI  This r,format_conversion of base_model Qwen/Qwen3.5-0.8B (chained by name pattern + base_model field)
LayanAlqabbani/DummyLegalDatasets,dataset,c1159ccbc173fddf817fb8343fb713fe7f5df4b5,2026-09-18T16:35:11.000Z,,,,X,,,none found,empty or missing card
cjdd3b/extra-laya-bench-ft-data,dataset,c4a95a1b28dbfa36f677b6fedcaae0f5a435e8db,2026-09-20T20:03:03.000Z,,,,X,,,none found,empty or missing card
syvai/danish-dynaword-laya,dataset,44f704a716022d4e8819d0b993cb874f8db11112,2026-09-21T09:31:04.000Z,other,,,X,,,none found,empty or missing card
annelo/laya-marker-corpus,dataset,b1c88d458364936fc987ac239092330a8d1c2a95,2026-09-22T08:19:26.000Z,other,,,D,,,Training corpus for a typed-decision head: the model is never asked to,dataset with typed-decision evidence in card
pranaysuyash/laya-formatting-fragility,dataset,8e2e05382cdf3e264040f4fe6e7ede6e80c798f8,2026-09-22T15:41:13.000Z,apache-2.0,,,D,,,ty — a perturbation suite for typed decision models  Small decision models,dataset with typed-decision evidence in card
gdelatournelle/laya-onnx-bench,dataset,9f50ff717bedaffa7bd5df81f4673689613369d4,2026-09-23T08:17:12.000Z,apache-2.0,,,D,,,tags:   - decision-model   - calibration   - onnx   - laya pretty_n,dataset with typed-decision evidence in card
dnagpt/laya-bio,dataset,0307d5910b0a37f54caecd444241db6b56331701,2026-09-23T14:33:52.000Z,other,,,D,,,ection_dev.parquet   - split: calibration     path: data/eligible/*/,dataset with typed-decision evidence in card
AhmetSemih/turkish-mmlu-laya,dataset,cc5a2fbf1b348bb031379e54c2e818d8dfd2b178,2026-09-23T14:49:01.000Z,other,,,X,,,none found,dataset card has no typed-decision evidence
dnagpt/laya-bio-historical-corpora,dataset,bd70a7d157741f8d19ad150adfa350a9b02ba417,2026-09-23T16:11:28.000Z,other,,,X,,,none found,dataset card has no typed-decision evidence
jaredpalmer/kev-suites,dataset,a88f56db5341397299137cb68775c2ea6e3f68cb,2026-09-19T13:30:17.000Z,,,,X,,,none found,empty or missing card
kevuN007/dmian-dataset,dataset,6bd2e13b29762d806acd55cd37a44c7fb19f2f11,2026-09-16T08:16:31.000Z,apache-2.0,,,X,,,none found,dataset card has no typed-decision evidence
kevinson7515/Cog-Research,dataset,9d267a170c30a07462a22224f75d29fe6a3f2135,2026-09-18T02:27:04.000Z,,,,X,,,none found,empty or missing card
cjdd3b/extra-kev08-curriculum-data,dataset,519480ea59a1f5a4ddeefb954c9d582a26493d44,2026-09-21T18:03:22.000Z,,,,X,,,none found,empty or missing card
luispoveda93/minicpm4-pcap-kev-workbench,dataset,f5d0143b331d1069e86d5c01c5b6f9ffb23ad0e8,2026-09-22T23:07:26.000Z,,,,X,,,none found,empty or missing card
Kevinu0628/MRBench,dataset,263794c2660bfdcca14dde86bc6471e4191b1f54,2026-09-23T04:24:51.000Z,,,,X,,,none found,dataset card has no typed-decision evidence
shaw276/kevscope-cve-kev-epss-daily,dataset,c66b1c5e2025ab331c344ec4e3e22b848e12c4cd,2026-09-24T01:01:55.000Z,other,,,X,,,none found,dataset card has no typed-decision evidence
TuringCorp/poe-decider-recorded-cases,dataset,2eefbfed4f212c3f9d2f9f7e9e53a6573b808838,2026-09-22T13:59:15.000Z,cc-by-4.0,,,D,,,- llm-as-a-judge - confidence-calibration - evaluation ---  # Decide,dataset with typed-decision evidence in card
SamuelChien821/typed-decision-bench,dataset,79ec2b9bf193d69ceaaaf86ad9d0b79623adb101,2026-09-20T19:52:30.000Z,other,,,D,,,DATA_LICENSES.md pretty_name: Typed Decision Bench v0.3 language: - en tas,dataset with typed-decision evidence in card
canbingol/mmlu_typed_decision,dataset,b3926ed8143c957804d8d39266764c48ce2d3657,2026-09-23T19:49:49.000Z,,,,X,,,none found,dataset card has no typed-decision evidence
limberc/this-that-spatial-bench,dataset,423c49f4ad2b8d200b38e845fdf046ba6b37d46b,2026-09-19T23:54:13.000Z,mit,,,D,,,en tags: - decision-making - calibration - spatial-reasoning - synt,dataset with typed-decision evidence in card
limberc/this-that-complex-decisions,dataset,b77207bd24ad096ee83b1e1b026d2f130259d616,2026-09-22T17:01:49.000Z,mit,,,X,,,none found,dataset card has no typed-decision evidence
wfzyx/von-1.0,model,5df8185a4f2327ad0a7cd117cc4f701ac557b9ae,2026-09-19T15:19:01.000Z,apache-2.0,394781696,answerdotai/ModernBERT-large,T1,,,"own ModernBERT-large + Option-Marker decision head, own RLCD-style training recipe; see cards/wfzyx__von-1.0.yaml","not in sweep hits; added per brief (named T1, found via HF search for 'Von')"
IAMIbrahim/von-1.0-mlx,model,de6a0fcc25024c322283813ee22384918a23023b,2026-09-21T23:57:27.000Z,apache-2.0,,wfzyx/von-1.0,T2,format_conversion,wfzyx/von-1.0,MLX port of wfzyx/von-1.0,not in sweep hits; added per brief
llm-semantic-router/Decision-1.0-Sol-2B,model,0665a41108e8f0b33a9515c98311c45947b99399,2026-09-21T13:36:48.000Z,apache-2.0,,Qwen/Qwen3.5-2B,T1,,,"own candidate-head decision recipe on Qwen3.5-2B, Choice/Noul/Score primitives; see cards/llm-semantic-router__Decision-1.0-Sol-2B.yaml","not in sweep hits; added per brief (named T1, found via HF search for 'Decision-1.0-Sol-2B')"
llm-semantic-router/Decision-1.0-Lux-9B,model,bd45a30aee8c84032791c245c70f86dee5389cc8,2026-09-22T05:18:15.000Z,apache-2.0,,Qwen/Qwen3.5-9B,T1,,,"same Decision-1.0 family recipe as Sol-2B, on a 9B base","not in sweep hits; added per brief; sibling of Sol-2B, not separately carded"
llm-semantic-router/Decision-1.0-Nox-4B,model,0bb833504965c0eabdb9630b7bbd385cb2fe5cd4,2026-09-21T13:34:35.000Z,apache-2.0,,Qwen/Qwen3.5-4B,T1,,,"same Decision-1.0 family recipe as Sol-2B, on a 4B base","not in sweep hits; added per brief; sibling of Sol-2B, not separately carded"
llm-semantic-router/Decision-1.0-Kai-0.6B,model,,,,,,T1,,,"same Decision-1.0 family recipe as Sol-2B, on a 0.6B base","not in sweep hits; added per brief; sibling of Sol-2B, not separately carded"
llm-semantic-router/Decision-1.0-Lex-0.6B,model,,,,,,T1,,,"same Decision-1.0 family recipe as Sol-2B, on a 0.6B base","not in sweep hits; added per brief; sibling of Sol-2B, not separately carded"
llm-semantic-router/Decision-1.0-Eos-0.8B,model,,,,,,T1,,,"same Decision-1.0 family recipe as Sol-2B, on a 0.8B base","not in sweep hits; added per brief; sibling of Sol-2B, not separately carded"
cowWhySo/OpenDecision-Qwen3.5-4B-StateFirst,model,20974648aa087369645494e898351253248627a0,2026-09-20T03:46:10.000Z,,,Qwen/Qwen3.5-4B-Base,X,,,"none found -- card explicitly states 'not a merged or independently retrained 4B checkpoint', a reference/bundle repo with no own weights","not in sweep hits; searched per brief for 'OpenDecision' named in arXiv 2609.24574's replication package; only HF hit found, and it does not resolve to independent weights; card also says 'Do not describe this as a reproduction of TypeSafe RLCD or Jev internals'"
